﻿cod_func_cargo;func_cargo
1;Administração
2;Advocacia
3;Ajudante Parlamentar Intermediário
4;Ajudante Parlamentar Júnior
5;Ajudante Parlamentar Pleno
6;Ajudante Parlamentar Sênior
7;Arquivologia
8;Assessor Legislativo
9;Assessor Parlamentar
10;Assessoramento Em Orçamentos
11;Assessoramento Legislativo
12;Assistência A Plenários E Portaria
13;Assistente Parlamentar Intermediário
14;Assistente Parlamentar Júnior
15;Assistente Parlamentar Pleno
16;Assistente Parlamentar Sênior
17;Auxiliar Parlamentar Intermediário
18;Auxiliar Parlamentar Júnior
19;Auxiliar Parlamentar Pleno
20;Auxiliar Parlamentar Sênior
21;Biblioteconomia
22;Chefe De Gabinete Da Presidência
23;Comunicação Social
24;Contabilidade
25;Edificações
26;Eletrônica E Telecomunicações
27;Engenharia
28;Fisioterapia
29;Informática Legislativa
30;Motorista
31;Orçamento Público
32;Policial Legislativo Federal
33;Processo Industrial Gráfico
34;Processo Legislativo
35;Redação E Revisão
36;Registro E Redação Parlamentar
37;Secretário Especial De Imprensa
38;Secretário Legislativo
39;Secretário Parlamentar
40;Senador
61;Aposentadoria Parlamentar Ipc/Pssc
62;Arquitetura
63;Assessor Especial De Relações Internacionais
64;Assistência Social
65;Chefe Do Cerimonial
66;Coordenador
67;Diretor De Assuntos Técnicos E Jurídicos
68;Diretor De Secretaria
69;Diretor Do Instituto Fiscal Independente
70;Diretor-Executivo
71;Enfermagem
72;Farmácia
73;Manutenção De Máquinas Gráficas
74;Medicina
75;Nutrição
76;Odontologia
77;Psicologia
78;Radiologia
79;Segurança
80;Tradução E Interpretação
81;Sem Cargo
