﻿cod_missao;periodo;Data de Emissão;cod_senador;cod_tipo_despesa;Motivo;Custo Efetivo SF
mo1;201802;16/02/2018;210;13;Feira Internacional da Expodireto Cotrijal 2018;572,95
mo2;201803;05/03/2018;121;13;Fórum Social Mundial;467,94
mo3;201803;05/03/2018;121;13;Fórum Social Mundial;311,09
mo4;201803;08/03/2018;189;14;Reuniões das Comissões Permanentes, da Mesa Diretora e da LIII Sessão Ordinária do Parlamento do Mercosul;1951,99
mo5;201803;09/03/2018;189;15;Reuniões das Comissões Permanentes, da Mesa Diretora e da LIII Sessão Ordinária do Parlamento do Mercosul;108,34
mo6;201803;08/03/2018;107;14;LIII Sessão Ordinária do Parlamento do Mercosul;2331,64
mo7;201803;08/03/2018;107;14;LIII Sessão Ordinária do Parlamento do Mercosul;2715,83
mo8;201803;08/03/2018;107;15;LIII Sessão Ordinária do Parlamento do Mercosul;72,22
mo9;201803;09/03/2018;157;13;Reforma do Código Comercial;504,14
mo10;201803;15/03/2018;5;14;138ª Assembleia da União Interparlamentar Suíça-Genebra;14223,94
mo11;201803;15/03/2018;5;15;138ª Assembleia da União Interparlamentar Suíça-Genebra;190,71
mo12;201803;16/03/2018;112;14;Visita Oficial, a convite da Câmara de Conselheiros do Japão, na cidade de Tóquio/Japão;30903,32
mo13;201804;09/04/2018;112;15;Visita Oficial, a convite da Câmara de Conselheiros do Japão, na cidade de Tóquio/Japão;181,44
mo14;201803;27/03/2018;5;14;Visita Oficial, a convite da Câmara de Conselheiros do Japão, na cidade de Tóquio/Japão;35644,86
mo15;201804;09/04/2018;5;15;Visita Oficial, a convite da Câmara de Conselheiros do Japão, na cidade de Tóquio/Japão;181,44
mo16;201804;04/04/2018;210;13;Ciclo de Palestras e Debates no âmbito da Comissão de Agricultura do Senado Federal;471,24
mo17;201804;04/04/2018;210;13;Ciclo de Palestras e Debates no âmbito da Comissão de Agricultura do Senado Federal;982,26
mo18;201804;05/04/2018;217;14;Reuniões das Comissões Permanentes e da Mesa Diretora e da LIV Sessão Ordinária do Parlamento do Mercosul;2266,37
mo19;201804;05/04/2018;217;14;Reuniões das Comissões Permanentes e da Mesa Diretora e da LIV Sessão Ordinária do Parlamento do Mercosul;2546,3
mo20;201804;06/04/2018;217;15;Reuniões das Comissões Permanentes e da Mesa Diretora e da LIV Sessão Ordinária do Parlamento do Mercosul;75,15
mo21;201804;10/04/2018;27;14;Participar das reuniões da Bancada Progressista, Comissões Permanentes e LIV Sessão Ordinária do Parlamento do Mercosul;2317,74
mo22;201804;10/04/2018;27;14;Participar das reuniões da Bancada Progressista, Comissões Permanentes e LIV Sessão Ordinária do Parlamento do Mercosul;1951,02
mo23;201804;10/04/2018;27;15;Participar das reuniões da Bancada Progressista, Comissões Permanentes e LIV Sessão Ordinária do Parlamento do Mercosul;92,34
mo24;201804;05/04/2018;189;14;Participar das Reuniões das Comissões de Assuntos Piolíticos, Municiapais e da Integração;513,95
mo25;201804;12/04/2018;189;15;Participar das Reuniões das Comissões de Assuntos Piolíticos, Municiapais e da Integração;0,01
mo26;201804;12/04/2018;171;13;Missão Oficial em João Pessoa;748,94
mo27;201804;12/04/2018;171;13;Missão Oficial em João Pessoa;0,01
mo28;201804;13/04/2018;171;13;Missão Oficial em João Pessoa;832,48
mo29;201804;13/04/2018;107;14;Reuniões das Comissões Permanentes e da Mesa Diretora e da LIV Sessão Ordinária do Parlamento do Mercosul;1883,72
mo30;201810;26/10/2018;189;14;Reunião conjunta da Delegação do Parlamento Europeu para as Relações com o Mercosul (DMER) e a Delegação Externa para EUROLAT do Parlamento do Mercosul;1945
mo31;201810;26/10/2018;189;15;Reunião conjunta da Delegação do Parlamento Europeu para as Relações com o Mercosul (DMER) e a Delegação Externa para EUROLAT do Parlamento do Mercosul;159,56
mo32;201810;30/10/2018;112;14;Fórum Parlementar e Cúpula dos Parlamentos;2418,36
mo33;201810;30/10/2018;112;14;Fórum Parlementar e Cúpula dos Parlamentos;2616,69
mo34;201810;30/10/2018;112;15;Fórum Parlementar e Cúpula dos Parlamentos;106,38
mo35;201810;30/10/2018;112;13;Fórum Parlementar e Cúpula dos Parlamentos;1348,4
mo36;201811;01/11/2018;27;14;Participar de Audiência Pública para elaboração do Informe Anual de Direitos Humanos do Protocolo Consultivo do Parlamento do Mercosul em Buenos   Aires e Reuniões da Bancada Progressista, das Comissões Permanentes e da LIX Sessão Ordinária do Mercosul em;1828,21
mo37;201811;01/11/2018;27;14;Participar de Audiência Pública para elaboração do Informe Anual de Direitos Humanos do Protocolo Consultivo do Parlamento do Mercosul em Buenos   Aires e Reuniões da Bancada Progressista, das Comissões Permanentes e da LIX Sessão Ordinária do Mercosul em;1126,74
mo38;201811;01/11/2018;27;14;Participar de Audiência Pública para elaboração do Informe Anual de Direitos Humanos do Protocolo Consultivo do Parlamento do Mercosul em Buenos   Aires e Reuniões da Bancada Progressista, das Comissões Permanentes e da LIX Sessão Ordinária do Mercosul em;2729,68
mo39;201811;01/11/2018;27;15;Participar de Audiência Pública para elaboração do Informe Anual de Direitos Humanos do Protocolo Consultivo do Parlamento do Mercosul em Buenos   Aires e Reuniões da Bancada Progressista, das Comissões Permanentes e da LIX Sessão Ordinária do Mercosul em;149,73
mo40;201811;01/11/2018;217;14;Reuniões das Comissões Permanentes e da LIX Sessão Ordinária do Mercosul em Montevidéu;3167,29
mo41;201811;01/11/2018;217;13;"Reuniões das Comissões Permanentes e da LIX Sessão Ordinária do
Mercosul em Montevidéu";1203,68
mo42;201811;01/11/2018;217;15;"Reuniões das Comissões Permanentes e da LIX Sessão Ordinária do
Mercosul em Montevidéu";106,95
mo43;201811;06/11/2018;190;14;VII Conferência de Ciências Sociais do Conselho Latino-americano de Ciências Sociais;1215,22
mo45;201811;06/11/2018;190;15;VII Conferência de Ciências Sociais do Conselho Latino-americano de Ciências Sociais;126,34
mo46;201811;07/11/2018;126;14;Reuniões das Comissões Permanentes e da LIX Sessão Ordinária do Mercosul em Montevidéu;3732,58
mo47;201811;07/11/2018;126;15;Reuniões das Comissões Permanentes e da LIX Sessão Ordinária do Mercosul em Montevidéu;107,81
mo48;201811;07/11/2018;189;14;Reuniões das Comissões Permanentes e da LIX Sessão Ordinária do Parlamento do Mercosul;2559,96
mo49;201811;07/11/2018;189;14;"Reuniões das Comissões Permanentes e da LIX Sessão Ordinária do
Parlamento do Mercosul";1112,4
mo50;201811;07/11/2018;189;15;"Reuniões das Comissões Permanentes e da LIX Sessão Ordinária do
Parlamento do Mercosul";161,72
mo51;201811;08/11/2018;107;14;Reuniões das Comissões Permanentes e da LIX Sessão Ordinária do Parlamento do Mercosul;3367,36
mo52;201811;08/11/2018;107;14;Reuniões das Comissões Permanentes e da LIX Sessão Ordinária do Parlamento do Mercosul;2764,16
mo53;201811;08/11/2018;107;15;Reuniões das Comissões Permanentes e da LIX Sessão Ordinária do Parlamento do Mercosul;107,53
mo54;201811;14/11/2018;217;13;Missão Oficial na Républica Democrática da Coréia(Coréia do Norte);2076,87
mo55;201811;14/11/2018;217;14;Missão Oficial na Républica Democrática da Coréia(Coréia do Norte);23816,96
mo56;201811;14/11/2018;217;15;Missão Oficial na Républica Democrática da Coréia(Coréia do Norte);330,34
mo57;201811;14/11/2018;121;13;Missão Oficial na Républica Democrática da Coréia(Coréia do Norte);2076,87
mo58;201811;14/11/2018;121;14;Missão Oficial na Républica Democrática da Coréia(Coréia do Norte);23816,96
mo59;201811;14/11/2018;121;15;Missão Oficial na Républica Democrática da Coréia(Coréia do Norte);330,34
mo60;201811;14/11/2018;189;13;Missão Oficial na Républica Democrática da Coréia(Coréia do Norte);1466,18
mo61;201811;14/11/2018;189;13;Missão Oficial na Républica Democrática da Coréia(Coréia do Norte);940,71
mo62;201811;14/11/2018;189;14;Missão Oficial na Républica Democrática da Coréia(Coréia do Norte);23816,96
mo63;201811;14/11/2018;189;15;Missão Oficial na Républica Democrática da Coréia(Coréia do Norte);495,51
mo64;201811;22/11/2018;5;14;8ª Conferência Mundial sobre Parlamento Eletrônico;18726,88
mo65;201811;23/11/2018;5;15;8ª Conferência Mundial sobre Parlamento Eletrônico;218,5
mo66;201811;19/11/2018;157;13;"73ª Assembleia Geral da Organização das Nações Unidas em Nova
Iorque/EUA";624,58
mo67;201811;19/11/2018;157;14;73ª Assembleia Geral da Organização das Nações Unidas em Nova Iorque/EUA;20944,53
mo68;201811;22/11/2018;157;14;73ª Assembleia Geral da Organização das Nações Unidas em Nova Iorque/EUA;2102,08
mo69;201811;23/11/2018;157;15;73ª Assembleia Geral da Organização das Nações Unidas em Nova Iorque/EUA;163,88
mo70;201811;27/11/2018;126;13;24ª Conferência das Partes da Convenção-Quadro das Nações Unidas sobre Mudança do Clima - COP 24;294,69
mo71;201811;27/11/2018;126;14;24ª Conferência das Partes da Convenção-Quadro das Nações Unidas sobre Mudança do Clima - COP 24;23219,04
mo72;201811;27/11/2018;126;15;24ª Conferência das Partes da Convenção-Quadro das Nações Unidas sobre Mudança do Clima - COP 24;202,34
mo73;201811;27/11/2018;124;14;"24ª Conferência das Partes da Convenção-Quadro das Nações Unidas sobre
Mudança do Clima - COP 24";22070,98
mo74;201811;27/11/2018;124;15;"24ª Conferência das Partes da Convenção-Quadro das Nações Unidas sobre
Mudança do Clima - COP 24";202,34
mo75;201811;28/11/2018;112;14;24ª Conferência das Partes da Convenção-Quadro das Nações Unidas sobre Mudança do Clima - COP 24;17667,55
mo76;201811;28/11/2018;112;15;24ª Conferência das Partes da Convenção-Quadro das Nações Unidas sobre Mudança do Clima - COP 24;200,27
mo77;201811;29/11/2018;185;13;Pauta Feminina: Assassinato de meninas no Estado do Ceará;569,48
mo78;201804;13/04/2018;107;14;Reuniões das Comissões Permanentes e da Mesa Diretora e da LIV Sessão Ordinária do Parlamento do Mercosul;2374,31
mo79;201804;13/04/2018;107;14;Reuniões das Comissões Permanentes e da Mesa Diretora e da LIV Sessão Ordinária do Parlamento do Mercosul;4,11
mo80;201804;19/04/2018;107;15;Reuniões das Comissões Permanentes e da Mesa Diretora e da LIV Sessão Ordinária do Parlamento do Mercosul;76,05
mo81;201804;16/04/2018;138;14;Evento: Brazil Fórum UK 2018;11509,02
mo82;201804;25/04/2018;138;13;Evento: Brazil Fórum UK 2018;766,95
mo83;201805;02/05/2018;138;13;Evento: Brazil Fórum UK 2018;502,94
mo84;201804;25/04/2018;138;13;Evento: Brazil Fórum UK 2018;299,94
mo85;201804;25/04/2018;138;15;Evento: Brazil Fórum UK 2018;93,42
mo86;201804;17/04/2018;171;13;Participar do 17º Fórum Empresarial Lide;832,48
mo87;201804;19/04/2018;189;14;Reuniões das Comissões Permanentes e da Mesa Diretora e da LIV Sessão Ordinária do Parlamento do Mercosul;2326,62
mo88;201804;19/04/2018;189;14;Reuniões das Comissões Permanentes e da Mesa Diretora e da LIV Sessão Ordinária do Parlamento do Mercosul;1443,98
mo89;201804;19/04/2018;189;15;Reuniões das Comissões Permanentes e da Mesa Diretora e da LIV Sessão Ordinária do Parlamento do Mercosul;114,07
mo90;201804;20/04/2018;23;13;Missão Oficial na República Popular Democrática da Coréia do Norte;913,04
mo91;201804;20/04/2018;23;13;Missão Oficial na República Popular Democrática da Coréia do Norte;609,44
mo92;201804;20/04/2018;23;14;Missão Oficial na República Popular Democrática da Coréia do Norte;20246,57
mo93;201804;20/04/2018;23;15;Missão Oficial na República Popular Democrática da Coréia do Norte;183,06
mo94;201804;20/04/2018;157;13;Missão Oficial na República Popular Democrática da Coréia do Norte;591,28
mo95;201804;20/04/2018;157;13;Missão Oficial na República Popular Democrática da Coréia do Norte;512,44
mo96;201804;20/04/2018;157;14;Missão Oficial na República Popular Democrática da Coréia do Norte;20246,57
mo97;201804;20/04/2018;157;15;Missão Oficial na República Popular Democrática da Coréia do Norte;274,59
mo98;201804;30/04/2018;121;13;Senado mulheres nas Casas Legislativas;664,94
mo99;201804;30/04/2018;121;13;Senado mulheres nas Casas Legislativas;1534,75
mo100;201805;17/05/2018;27;14;Reuniões das Comissões Permanentes e LV Sessão Ordinária do Parlamento do Mercosul;0,01
mo101;201805;17/05/2018;189;14;Reuniões das Comissões Permanentes e LV Sessão Ordinária do Parlamento do Mercosul;789,65
mo102;201805;17/05/2018;107;14;Reuniões das Comissões Permanentes e LV Sessão Ordinária do Parlamento do Mercosul;1757,59
mo103;201805;28/05/2018;107;13;Reuniões das Comissões Permanentes e LV Sessão Ordinária do Parlamento do Mercosul;782,44
mo104;201805;17/05/2018;217;14;Reuniões das Comissões Permanentes e LV Sessão Ordinária do Parlamento do Mercosul;1335,21
mo105;201805;18/05/2018;136;14;Missão Oficial com o objetivo de conhecer os programas de energia solar e eólica, e desenvovimento urbano com o uso de tecnologias.;12165,45
mo106;201805;18/05/2018;136;14;Missão Oficial com o objetivo de conhecer os programas de energia solar e eólica, e desenvovimento urbano com o uso de tecnologias.;325,29
mo107;201805;18/05/2018;136;14;Missão Oficial com o objetivo de conhecer os programas de energia solar e eólica, e desenvovimento urbano com o uso de tecnologias.;326,76
mo108;201805;18/05/2018;136;15;Missão Oficial com o objetivo de conhecer os programas de energia solar e eólica, e desenvovimento urbano com o uso de tecnologias.;133,2
mo109;201805;18/05/2018;23;14;Participar, como representante desta Casa Legislativa, em missão oficial na República Tcheca;18649,31
mo110;201805;18/05/2018;23;15;Participar, como representante desta Casa Legislativa, em missão oficial na República Tcheca;183,15
mo111;201805;22/05/2018;126;14;"Reuniões das Comissões Permanetes e da LV Sessão Ordinária do
Parlamento do Mercosul.";1507,84
mo112;201806;20/06/2018;27;14;"Participação das Reuniões das Comissões e da LVI Reunião do Parlamento do
Mercosul";1386,37
mo113;201806;20/06/2018;27;14;Participação das Reuniões das Comissões e da LVI Reunião do Parlamento do Mercosul;2550,05
mo114;201806;20/06/2018;27;15;Participação das Reuniões das Comissões e da LVI Reunião do Parlamento do Mercosul;84,15
mo115;201806;21/06/2018;217;14;Participação das Reuniões das Comissões e da LVI Reunião do Parlamento do Mercosul;1326,31
mo116;201806;21/06/2018;217;15;Participação das Reuniões das Comissões e da LVI Reunião do Parlamento do Mercosul;85,05
mo117;201806;21/06/2018;189;14;Reuniões das Comissões e da LVI Reunião Ordinária do Parlamento do Mercosul na cidade de Montevidéu;1480,81
mo118;201806;21/06/2018;189;15;"Reuniões das Comissões e da LVI Reunião Ordinária do Parlamento do
Mercosul na cidade de Montevidéu";127,57
mo119;201806;26/06/2018;107;14;Participar das Reuniões das Comissões e da LVI Reunião Ordinária do Parlamento do Mercosul;2692,09
mo120;201806;26/06/2018;107;14;Participar das Reuniões das Comissões e da LVI Reunião Ordinária do Parlamento do Mercosul;2790,69
mo121;201806;26/06/2018;107;15;Participar das Reuniões das Comissões e da LVI Reunião Ordinária do Parlamento do Mercosul;84,83
mo122;201807;13/07/2018;171;13;Missão Oficial em João Pessoa/PB;971,3
mo123;201807;13/07/2018;171;13;Missão Oficial em João Pessoa/PB;1074,94
mo124;201810;18/10/2018;185;13;Encontro Parlamentar Global Contra a Fome e a Má Nutrição em Madrid;1089,48
mo125;201810;18/10/2018;185;13;Encontro Parlamentar Global Contra a Fome e a Má Nutrição em Madrid;846,37
mo126;201810;18/10/2018;185;14;Encontro Parlamentar Global Contra a Fome e a Má Nutrição em Madrid;6484,94
mo127;201810;18/10/2018;185;14;Encontro Parlamentar Global Contra a Fome e a Má Nutrição em Madrid;7508,73
mo128;201810;18/10/2018;185;15;Encontro Parlamentar Global Contra a Fome e a Má Nutrição em Madrid;105,8
mo129;201810;23/10/2018;23;13;Representar o Senado Federal em missão oficial à República Árabe da Síria;561,4
mo130;201810;30/10/2018;23;13;Representar o Senado Federal em missão oficial à República Árabe da Síria;863,4
mo131;201810;23/10/2018;23;14;Representar o Senado Federal em missão oficial à República Árabe da Síria;18397,61
mo132;201810;23/10/2018;23;15;Representar o Senado Federal em missão oficial à República Árabe da Síria;169,28
mo133;201811;06/11/2018;23;14;Representar o Senado Federal em missão oficial à República Árabe da Síria;740,97
mo134;201811;07/11/2018;23;14;Representar o Senado Federal em missão oficial à República Árabe da Síria;6928,41
mo135;201811;07/11/2018;23;13;Representar o Senado Federal em missão oficial à República Árabe da Síria;1895,85
mo136;201811;09/11/2018;23;14;Representar o Senado Federal em missão oficial à República Árabe da Síria;17696,95
mo137;201811;29/11/2018;185;13;Pauta Feminina: Assassinato de meninas no Estado do Ceará;689,18
mo138;201812;03/12/2018;27;13;Reuniões da Bancada Progressista, das Comissões Permanentes e da LX Sessão Ordinária do Parlamento do Mercosul;507,45
mo139;201812;03/12/2018;27;14;Reuniões da Bancada Progressista, das Comissões Permanentes e da LX Sessão Ordinária do Parlamento do Mercosul;1455,73
mo140;201812;03/12/2018;27;13;Reuniões da Bancada Progressista, das Comissões Permanentes e da LX Sessão Ordinária do Parlamento do Mercosul;608,85
mo141;201812;05/12/2018;27;14;"Reuniões da Bancada Progressista, das Comissões Permanentes e da LX
Sessão Ordinária do Parlamento do Mercosul";3235,87
mo142;201812;05/12/2018;27;15;Reuniões da Bancada Progressista, das Comissões Permanentes e da LX Sessão Ordinária do Parlamento do Mercosul;110,69
mo143;201812;05/12/2018;161;14;Reuniões das Comissões Permanentes e da LX Sessão Ordinária do Parlamento do Mercosul;3034,03
mo144;201812;05/12/2018;136;14;24ª Conferência das Partes da Convenção-Quadro das Nações Unidas sobre Mudança do Clima - COP 24;18652,12
mo145;201812;05/12/2018;136;15;24ª Conferência das Partes da Convenção-Quadro das Nações Unidas sobre Mudança do Clima - COP 24;132,83
mo146;201812;05/12/2018;190;14;Reuniões das Comissões Permanentes e da LX Sessão Ordinária do Parlamento do Mercosul;2518,52
mo147;201812;06/12/2018;190;14;Reuniões das Comissões Permanentes e da LX Sessão Ordinária do Parlamento do Mercosul;2801,97
mo148;201812;06/12/2018;190;14;Reuniões das Comissões Permanentes e da LX Sessão Ordinária do Parlamento do Mercosul;0,01
mo149;201812;07/12/2018;190;15;"Reuniões das Comissões Permanentes e da LX Sessão Ordinária do
Parlamento do Mercosul";111,26
mo150;201812;20/12/2018;136;15;Missões Oficiais à Colômbia e ao Peru;311,54
mo151;201812;20/12/2018;136;14;Missões Oficiais à Colômbia e ao Peru;6629,97
mo152;201812;20/12/2018;136;14;Missões Oficiais à Colômbia e ao Peru;597,51
mo153;201812;20/12/2018;136;14;Missões Oficiais à Colômbia e ao Peru;3616,53
mo154;201812;20/12/2018;136;14;Missões Oficiais à Colômbia e ao Peru;903,19
mo155;201812;20/12/2018;112;15;7º Seminário de estudos da Delegação de Educação e Tecnologia da Cisco na América Latina.;155,77
mo156;201812;20/12/2018;112;14;7º Seminário de estudos da Delegação de Educação e Tecnologia da Cisco na América Latina.;8648,23
mo157;201912;20/12/2019;112;14;7º Seminário de estudos da Delegação de Educação e Tecnologia da Cisco na América Latina.;177,1
mo158;201812;21/12/2018;112;14;7º Seminário de estudos da Delegação de Educação e Tecnologia da Cisco na América Latina.;8529,06
mo159;201901;07/01/2019;136;14;Fórum Econômico Mundial e Fórum Aberto - Suiça;9151,08
mo160;201901;07/01/2019;136;15;Fórum Econômico Mundial e Fórum Aberto - Suiça;128
mo161;201903;27/03/2019;38;14;5ª edição do Brazil Conference at Havard & MIT;10024,38
mo162;201904;01/04/2019;38;14;5ª edição do Brazil Conference at Havard & MIT;5463,24
mo163;201904;01/04/2019;38;15;5ª edição do Brazil Conference at Havard & MIT;146,63
mo164;201903;27/03/2019;48;14;Reuniões das Comissões Permanentes e da LXI Ordinária do Parlamento do Mercosul;1981,87
mo165;201903;27/03/2019;32;14;140ª Assembleia da União Interparlamentar e na Sessão Ordinária do Grupo de Parlamentares da América Latina e do Caribe;23302,68
mo166;201903;28/03/2019;32;15;140ª Assembleia da União Interparlamentar e na Sessão Ordinária do Grupo de Parlamentares da América Latina e do Caribe;325,88
mo167;201903;28/03/2019;75;14;Reuniões das Comissões Permanentes e da LXI Ordinária do Parlamento do Mercosul;3288,84
mo168;201903;28/03/2019;75;15;Reuniões das Comissões Permanentes e da LXI Ordinária do Parlamento do Mercosul;113,56
mo169;201903;29/03/2019;31;14;Reuniões das Comissões Permanentes e da LXI Ordinária do Parlamento do Mercosul;3156,58
mo170;201903;29/03/2019;31;14;Reuniões das Comissões Permanentes e da LXI Ordinária do Parlamento do Mercosul;3346,81
mo171;201903;29/03/2019;31;15;Reuniões das Comissões Permanentes e da LXI Ordinária do Parlamento do Mercosul;112,41
mo172;201904;01/04/2019;14;14;140ª Assembleia da União Interparlamentar;33803,33
mo173;201904;03/04/2019;14;14;140ª Assembleia da União Interparlamentar;2706,28
mo174;201904;01/04/2019;14;15;140ª Assembleia da União Interparlamentar;134,9
mo175;201904;01/04/2019;34;14;Brazil Conference at Havard & MIT 2019;2667,92
mo176;201904;01/04/2019;34;15;Brazil Conference at Havard & MIT 2019;205,28
mo177;201903;21/03/2019;5;14;140ª Assembleia da União Interparlamentar;19230,96
mo178;201903;25/03/2019;5;15;140ª Assembleia da União Interparlamentar;179,4
mo179;201904;02/04/2019;77;13;Representar o Senado Federal em Solenidade;903,5
mo180;201904;11/04/2019;5;14;Reunião da Junta Diretiva do Parlamento Latino-Americano e Caribenho;9299,69
mo181;201904;11/04/2019;5;15;Reunião da Junta Diretiva do Parlamento Latino-Americano e Caribenho;109,82
mo182;201904;23/04/2019;48;14;Missão Oficial Internacional no Estado do Texas e Wassington;5592,99
mo183;201904;23/04/2019;48;14;Missão Oficial Internacional no Estado do Texas e Wassington;2382,42
mo184;201904;23/04/2019;48;15;Missão Oficial Internacional no Estado do Texas e Wassington;237,77
mo185;201904;24/04/2019;21;14;Participar do evento Colóquio Luso-Brasileiro de Direito Ambiental: Ambiente equilibrado como Direito Fuandamental;7549,27
mo186;201904;24/04/2019;21;15;Participar do evento Colóquio Luso-Brasileiro de Direito Ambiental: Ambiente equilibrado como Direito Fuandamental;93,1
mo187;201904;24/04/2019;75;14;Participar das Reuniões das Comissões Permanentes e da LXII Sessão Ordinária do Parlamento do Mercosul;3059,99
mo188;201904;24/04/2019;75;14;Participar das Reuniões das Comissões Permanentes e da LXII Sessão Ordinária do Parlamento do Mercosul;3499,39
mo189;201904;24/04/2019;75;15;Participar das Reuniões das Comissões Permanentes e da LXII Sessão Ordinária do Parlamento do Mercosul;93,1
mo190;201904;24/04/2019;24;14;Participar das Reuniões das Comissões Permanentes e da LXII Sessão Ordinária do Parlamento do Mercosul;3554,86
mo191;201904;24/04/2019;24;15;Participar das Reuniões das Comissões Permanentes e da LXII Sessão Ordinária do Parlamento do Mercosul;93,1
mo192;201904;24/04/2019;27;13;Participar das Reuniões das Comissões Permanentes e da LXII Sessão Ordinária do Parlamento do Mercosul;1256,86
mo193;201904;24/04/2019;27;13;Participar das Reuniões das Comissões Permanentes e da LXII Sessão Ordinária do Parlamento do Mercosul;928,1
mo194;201904;24/04/2019;27;14;Participar das Reuniões das Comissões Permanentes e da LXII Sessão Ordinária do Parlamento do Mercosul;2142,67
mo195;201904;24/04/2019;27;15;Participar das Reuniões das Comissões Permanentes e da LXII Sessão Ordinária do Parlamento do Mercosul;93,1
mo196;201904;25/04/2019;66;14;Participar das Reuniões das Comissões Permanentes e da LXII Sessão Ordinária do Parlamento do Mercosul;2243,63
mo197;201904;25/04/2019;66;15;Participar das Reuniões das Comissões Permanentes e da LXII Sessão Ordinária do Parlamento do Mercosul;94,53
mo198;201904;25/04/2019;65;14;Participar das Reuniões das Comissões Permanentes e da LXII Sessão Ordinária do Parlamento do Mercosul;2917,19
mo199;201904;25/04/2019;65;14;Participar das Reuniões das Comissões Permanentes e da LXII Sessão Ordinária do Parlamento do Mercosul;3022,24
mo200;201904;25/04/2019;65;15;Participar das Reuniões das Comissões Permanentes e da LXII Sessão Ordinária do Parlamento do Mercosul;94,53
mo201;201904;25/04/2019;47;14;Participar das Reuniões das Comissões Permanentes e da LXII Sessão Ordinária do Parlamento do Mercosul;4483,47
mo202;201904;25/04/2019;47;15;Participar das Reuniões das Comissões Permanentes e da LXII Sessão Ordinária do Parlamento do Mercosul;94,53
mo203;201904;25/04/2019;72;14;Participar das Reuniões das Comissões Permanentes e da LXII Sessão Ordinária do Parlamento do Mercosul;2905,6
mo204;201904;25/04/2019;72;15;Participar das Reuniões das Comissões Permanentes e da LXII Sessão Ordinária do Parlamento do Mercosul;94,53
mo205;201904;25/04/2019;46;14;Participar das Reuniões das Comissões Permanentes e da LXII Sessão Ordinária do Parlamento do Mercosul;5450,45
mo206;201904;25/04/2019;46;15;Participar das Reuniões das Comissões Permanentes e da LXII Sessão Ordinária do Parlamento do Mercosul;94,53
mo207;201905;03/05/2019;10;15;Painel de Educação do Brazil Forum UK 2019, a ser realizado na London School of Economics and Politicall Science (LSE) e na Universidade de Oxford;93,81
mo208;201905;03/05/2019;105;14;Brazil Forum UK 2019, a ser realizado na London School of Economics and Politicall Science (LSE) e na Universidade de Oxford;5196,82
mo209;201905;03/05/2019;105;15;Brazil Forum UK 2019, a ser realizado na London School of Economics and Politicall Science (LSE) e na Universidade de Oxford;112,58
mo210;201905;17/05/2019;64;14;Thaifex - World of Food Asma 2019 e Missão oficial à Singapura;10241,57
mo211;201905;17/05/2019;64;14;Thaifex - World of Food Asma 2019 e Missão oficial à Singapura;3673,89
mo212;201905;17/05/2019;64;15;Thaifex - World of Food Asma 2019 e Missão oficial à Singapura;172,28
mo213;201905;20/05/2019;47;14;Reuniões das Comissões Permanentes e da LXIII Sessão Ordinária do Parlamento do Mercosul;2638,67
mo214;201905;20/05/2019;47;15;Reuniões das Comissões Permanentes e da LXIII Sessão Ordinária do Parlamento do Mercosul;97,37
mo215;201905;22/05/2019;53;14;Reuniões das Comissões Permanentes e da LXIII Sessão Ordinária do Parlamento do Mercosul;2663,79
mo216;201905;22/05/2019;53;15;Reuniões das Comissões Permanentes e da LXIII Sessão Ordinária do Parlamento do Mercosul;95,95
mo217;201905;23/05/2019;27;14;Reuniões das Comissões Permanentes e da LXIII Sessão Ordinária do Parlamento do Mercosul;3735,35
mo218;201905;23/05/2019;27;15;Reuniões das Comissões Permanentes e da LXIII Sessão Ordinária do Parlamento do Mercosul;95,95
mo219;201905;23/05/2019;75;14;Participar das Reuniões das Comissões Permanentes e da LXIII Sessão Ordinária do Parlamento do Mercosul;3926,9
mo220;201905;23/05/2019;75;14;Participar das Reuniões das Comissões Permanentes e da LXIII Sessão Ordinária do Parlamento do Mercosul;0,01
mo221;201905;23/05/2019;75;14;Participar das Reuniões das Comissões Permanentes e da LXII Sessão Ordinária do Parlamento do Mercosul;3444,75
mo222;201905;23/05/2019;75;14;Participar das Reuniões das Comissões Permanentes e da LXII Sessão Ordinária do Parlamento do Mercosul;284,29
mo223;201905;23/05/2019;75;15;Participar das Reuniões das Comissões Permanentes e da LXII Sessão Ordinária do Parlamento do Mercosul;95,95
mo224;201905;27/05/2019;75;14;Participar das Reuniões das Comissões Permanentes e da LXII Sessão Ordinária do Parlamento do Mercosul;320,8
mo225;201905;24/05/2019;53;14;6º Encontro sobre Potencial da Diáspora Libanesa;28487,97
mo226;201905;24/05/2019;53;15;6º Encontro sobre Potencial da Diáspora Libanesa;115,14
mo227;201905;24/05/2019;46;14;Reuniões das Comissões Permanentes e da LXIII Sessão Ordinária do Parlamento do Mercosul;2341,66
mo228;201905;24/05/2019;46;14;Reuniões das Comissões Permanentes e da LXIII Sessão Ordinária do Parlamento do Mercosul;1891,88
mo230;201905;06/05/2019;31;14;Participar de missão oficial do Governo da Bahia, a realizar-se na República Popular da China;5447,73
mo231;201905;06/05/2019;31;14;Participar de missão oficial do Governo da Bahia, a realizar-se na República Popular da China;9602,28
mo232;201905;06/05/2019;31;14;Participar de missão oficial do Governo da Bahia, a realizar-se na República Popular da China;8929,4
mo233;201905;06/05/2019;31;14;Participar de missão oficial do Governo da Bahia, a realizar-se na República Popular da China;8862,09
mo234;201905;06/05/2019;31;14;Participar de missão oficial do Governo da Bahia, a realizar-se na República Popular da China;4839,59
mo235;201905;06/05/2019;31;15;Participar de missão oficial do Governo da Bahia, a realizar-se na República Popular da China;281
mo236;201905;28/05/2019;45;14;12ª Conferência dos Estados Partes da Convenção sobre os Direitos das Pessoas com Deficiência;24544,22
mo237;201905;28/05/2019;31;14;LXIII Sessão Ordinária do Parlamento do Mercosul;2269,89
mo238;201905;28/05/2019;31;14;LXIII Sessão Ordinária do Parlamento do Mercosul;507,18
mo239;201905;28/05/2019;31;13;LXIII Sessão Ordinária do Parlamento do Mercosul;926,95
mo240;201905;28/05/2019;31;13;LXIII Sessão Ordinária do Parlamento do Mercosul;1027,76
mo241;201905;28/05/2019;31;15;LXIII Sessão Ordinária do Parlamento do Mercosul;95,71
mo242;201905;29/05/2019;104;14;"XXXV Assembleia do Parlamento Latino-Americano e Caribenho – Parlatino, bem como da Reunião Extraordinária daComissão de
Seguridade Cidadã, Combate a Prevenção ao Narcotráfico, ao Terrorismo e ao Crime Organizado";8920,08
mo243;201905;29/05/2019;104;15;"XXXV Assembleia do Parlamento Latino-Americano e Caribenho – Parlatino, bem como da Reunião Extraordinária daComissão de
Seguridade Cidadã, Combate a Prevenção ao Narcotráfico, ao Terrorismo e ao Crime Organizado";143,23
mo244;201905;30/05/2019;47;14;Missão oficial, a convite do Presidente da Comissão de Relações Exteriores do Congresso Peruano;4175,21
mo245;201905;30/05/2019;47;15;Missão oficial, a convite do Presidente da Comissão de Relações Exteriores do Congresso Peruano;132
mo246;201905;30/05/2019;5;14;"Reunião da Junta Diretiva, bem como, da XXXV Assembleia Ordinária do Parlamento Latino-Americano e Caribenho –Parlatino, a
serem realizadas no período de 13 a 15 de junho de 2019, na cidade do Panamá.";9847,45
mo247;201905;30/05/2019;5;15;Reunião da Junta Diretiva, bem como, da XXXV Assembleia Ordinária do Parlamento Latino-Americano e Caribenho –Parlatino, a serem realizadas no período de 13 a 15 de junho de 2019, na cidade do Panamá.;94,29
mo248;201905;30/05/2019;19;14;XXXV Assembleia do Parlamento Latino-Americano e Caribenho – Parlatino, bem como da Reunião Extraordinária da Comissão de Seguridade Cidadã, Combate a Prevenção ao Narcotráfico, ao Terrorismo e ao Crime Organizado;6218,62
mo249;201905;30/05/2019;19;15;XXXV Assembleia do Parlamento Latino-Americano e Caribenho – Parlatino, bem como da Reunião Extraordinária da Comissão de Seguridade Cidadã, Combate a Prevenção ao Narcotráfico, ao Terrorismo e ao Crime Organizado;141,45
mo250;201906;05/06/2019;38;14;"XXXV Assembleia do Parlamento Latino-Americano e Caribenho – Parlatino, bem como da Reunião Extraordinária da Comissão de
Seguridade Cidadã, combate a prevenção do tráfico de drogas, terrorismo e criminalidade organizada";8380,62
mo251;201906;05/06/2019;38;15;"XXXV Assembleia do Parlamento Latino-Americano e Caribenho – Parlatino, bem como da Reunião Extraordinária da Comissão de
Seguridade Cidadã, combate a prevenção do tráfico de drogas, terrorismo e criminalidade organizada";91,44
mo252;201906;07/06/2019;68;14;Participar da 12ª Conferência dos Estados-Partes da Convenção das Nações Unidas sobre os Direitos da Pessoa com Deficiência;20537,91
mo253;201906;07/06/2019;68;15;Participar da 12ª Conferência dos Estados-Partes da Convenção das Nações Unidas sobre os Direitos da Pessoa com Deficiência;128,04
mo254;201906;12/06/2019;65;14;Participar das Reuniões das Comissões Permanentes e da LXIV Sessão Ordinária do Parlamento do Mercosul;3073,84
mo255;201906;12/06/2019;65;14;Participar das Reuniões das Comissões Permanentes e da LXIV Sessão Ordinária do Parlamento do Mercosul;3275,77
mo256;201906;12/06/2019;65;15;Participar das Reuniões das Comissões Permanentes e da LXIV Sessão Ordinária do Parlamento do Mercosul;91,44
mo257;201906;13/06/2019;53;14;"Participar das Reuniões das Comissões Permanentes da Mesa Diretora do observatório da democracia e da LXIV Sessão Ordinária
do Parlamento do Mercosul";1549,67
mo258;201906;13/06/2019;53;14;"Participar das Reuniões das Comissões Permanentes da Mesa Diretora do observatório da democracia e da LXIV Sessão Ordinária
do Parlamento do Mercosul";2876,72
mo259;201906;13/06/2019;53;14;"Participar das Reuniões das Comissões Permanentes da Mesa Diretora do observatório da democracia e da LXIV Sessão Ordinária
do Parlamento do Mercosul";3265,23
mo260;201906;13/06/2019;53;15;Participar das Reuniões das Comissões Permanentes da Mesa Diretora do observatório da democracia e da LXIV Sessão Ordinária   do Parlamento do Mercosul;91,67
mo261;201906;13/06/2019;75;14;Participar das Reuniões das Comissões Permanentes e da LXIV Sessão Ordinária do Parlamento do Mercosul;1872,95
mo262;201906;16/06/2019;75;15;Participar das Reuniões das Comissões Permanentes e da LXIV Sessão Ordinária do Parlamento do Mercosul;91,67
mo263;201906;13/06/2019;27;14;Participar das Reuniões das Comissões Permanentes da Mesa Diretora e da LXIV Sessão Ordinária do Parlamento do Mercosul;2465,03
mo264;201906;13/06/2019;27;14;Participar das Reuniões das Comissões Permanentes da Mesa Diretora e da LXIV Sessão Ordinária do Parlamento do Mercosul;3182,1
mo265;201906;13/06/2019;27;15;Participar das Reuniões das Comissões Permanentes da Mesa Diretora e da LXIV Sessão Ordinária do Parlamento do Mercosul;91,67
mo266;201907;09/07/2019;27;14;Participar das Reuniões das Comissões Permanentes da Mesa Diretora e da LXIV Sessão Ordinária do Parlamento do Mercosul;3465,17
mo267;201907;09/07/2019;27;14;Participar das Reuniões das Comissões Permanentes da Mesa Diretora e da LXIV Sessão Ordinária do Parlamento do Mercosul;942,12
mo268;201907;10/07/2019;27;15;Participar das Reuniões das Comissões Permanentes da Mesa Diretora e da LXIV Sessão Ordinária do Parlamento do Mercosul;89,77
mo269;201907;09/07/2019;53;14;Participar das Reuniões das Comissões Permanentes da Mesa Diretora e da LXIV Sessão Ordinária do Parlamento do Mercosul;5356,05
mo270;201907;10/07/2019;53;15;Participar das Reuniões das Comissões Permanentes da Mesa Diretora e da LXIV Sessão Ordinária do Parlamento do Mercosul;89,77
mo271;201907;10/07/2019;31;14;Participar das Reuniões das Comissões Permanentes da Mesa Diretora e da LXIV Sessão Ordinária do Parlamento do Mercosul;3055,29
mo272;201907;10/07/2019;31;14;Participar das Reuniões das Comissões Permanentes da Mesa Diretora e da LXIV Sessão Ordinária do Parlamento do Mercosul;1828,65
mo273;201907;12/07/2019;31;14;Participar das Reuniões das Comissões Permanentes da Mesa Diretora e da LXIV Sessão Ordinária do Parlamento do Mercosul;3099,34
mo274;201907;10/07/2019;31;15;Participar das Reuniões das Comissões Permanentes da Mesa Diretora e da LXIV Sessão Ordinária do Parlamento do Mercosul;89,77
mo275;201907;10/07/2019;65;14;Participar das Reuniões das Comissões Permanentes da Mesa Diretora e da LXIV Sessão Ordinária do Parlamento do Mercosul;3349,06
mo276;201907;10/07/2019;65;14;Participar das Reuniões das Comissões Permanentes da Mesa Diretora e da LXIV Sessão Ordinária do Parlamento do Mercosul;3215,14
mo277;201907;10/07/2019;65;15;Participar das Reuniões das Comissões Permanentes da Mesa Diretora e da LXIV Sessão Ordinária do Parlamento do Mercosul;89,77
mo278;201907;10/07/2019;77;14;Participar das Reuniões das Comissões Permanentes da Mesa Diretora e da LXIV Sessão Ordinária do Parlamento do Mercosul;3681,2
mo279;201907;10/07/2019;77;15;Participar das Reuniões das Comissões Permanentes da Mesa Diretora e da LXIV Sessão Ordinária do Parlamento do Mercosul;89,77
mo280;201907;12/07/2019;28;13;Fórum Político de Alto Nível das Nações Unidas sobre Desenvolvimento Sustentável;3704,28
mo281;201907;18/07/2019;5;14;Seminário Parlamentar Internacional sobre Liberdade de Imprensa;14776,27
mo282;201907;18/07/2019;5;14;Seminário Parlamentar Internacional sobre Liberdade de Imprensa;107,16
mo283;201908;08/08/2019;24;13;17º Fórum Nacional dos Dirigentes Municipais de Educação;1401,95
mo284;201908;08/08/2019;24;13;17º Fórum Nacional dos Dirigentes Municipais de Educação;654,95
mo285;201908;14/08/2019;24;13;17º Fórum Nacional dos Dirigentes Municipais de Educação;2050,99
mo286;201908;09/08/2019;77;14;1º Seminário de Infraestrutura de Transporte Rodoferroviário da América do Sul, bem como da Reunião Ordinária da Comissão de Infraestrutura, Transporte, Recursos Energéticos, Agricultura, Pecuária e Pesca do Parlamento do Mercosul;4049,66
mo287;201908;09/08/2019;77;15;1º Seminário de Infraestrutura de Transporte Rodoferroviário da América do Sul, bem como da Reunião Ordinária da Comissão de Infraestrutura, Transporte, Recursos Energéticos, Agricultura, Pecuária e Pesca do Parlamento do Mercosul;93,58
mo288;201908;21/08/2019;27;14;Reuniões das Comissões Permanentes e da LXVI Sessão Ordinária do Parlamento do Mercosul;3454,56
mo289;201908;21/08/2019;27;15;Reuniões das Comissões Permanentes e da LXVI Sessão Ordinária do Parlamento do Mercosul;95,95
mo290;201908;21/08/2019;53;14;Reuniões das Comissões Permanentes e da LXVI Sessão Ordinária do Parlamento do Mercosul;1660,36
mo291;201908;21/08/2019;53;15;Reuniões das Comissões Permanentes e da LXVI Sessão Ordinária do Parlamento do Mercosul;95,95
mo292;201908;21/08/2019;61;13;XXIII Feira Pan-Amazônca do Livro;338,8
mo293;201908;21/08/2019;61;13;XXIII Feira Pan-Amazônca do Livro;937,86
mo294;201908;21/08/2019;72;14;Reuniões das Comissões Permanentes e da LXVI Sessão Ordinária do Parlamento do Mercosul;206,94
mo295;201908;21/08/2019;72;14;Reuniões das Comissões Permanentes e da LXVI Sessão Ordinária do Parlamento do Mercosul;1946,29
mo296;201908;21/08/2019;72;15;Reuniões das Comissões Permanentes e da LXVI Sessão Ordinária do Parlamento do Mercosul;95,95
mo297;201908;21/08/2019;31;14;Participar das reuniões do Grupo Brasileiro do Parlamento Latino-Americano (Parlatino);3833,25
mo298;201908;21/08/2019;31;14;Participar das reuniões do Grupo Brasileiro do Parlamento Latino-Americano (Parlatino);2796,19
mo299;201908;22/08/2019;75;14;Reuniões das Comissões Permanentes e da LXVI Sessão Ordinária do Parlamento do Mercosul;3482,99
mo300;201908;22/08/2019;75;15;Reuniões das Comissões Permanentes e da LXVI Sessão Ordinária do Parlamento do Mercosul;95,47
mo301;201908;28/08/2019;78;14;Visita técnica ao Porto de Singapura e de reuniões com autoridades daquele País para debater políticas de regulação da atividade portuária;45647,92
mo302;201908;28/08/2019;78;15;Visita técnica ao Porto de Singapura e de reuniões com autoridades daquele País para debater políticas de regulação da atividade portuária;197,13
mo303;201909;03/09/2019;28;14;6º Conferência Global de Jovens Parlamentares da UIP;3453,91
mo304;201909;03/09/2019;28;15;6º Conferência Global de Jovens Parlamentares da UIP;108,94
mo305;201909;03/09/2019;53;14;Participar das reuniões do Grupo Brasileiro do Parlamento Latino-Americano (Parlatino);787,71
mo306;201909;03/09/2019;53;14;Participar das reuniões do Grupo Brasileiro do Parlamento Latino-Americano (Parlatino);130,73
mo307;201909;12/09/2019;67;13;Missão Oficial a China;1262,06
mo308;201909;17/09/2019;47;13;Reuniões das Comissões Permanentes e Mesa Diretora, bem como na LXVII Sessão Plenária e Observatório da Democracia do Parlamento do Mercosul;1222,8
mo309;201909;17/09/2019;47;14;"Reuniões das Comissões Permanentes e Mesa Diretora, bem como na LXVII Sessão Plenária e Observatório da Democracia do
Parlamento do Mercosul";1715,06
mo310;201909;17/09/2019;47;14;"Reuniões das Comissões Permanentes e Mesa Diretora, bem como na LXVII Sessão Plenária e Observatório da Democracia do
Parlamento do Mercosul";2666,67
mo311;201909;17/09/2019;47;15;"Reuniões das Comissões Permanentes e Mesa Diretora, bem como na LXVII Sessão Plenária e Observatório da Democracia do
Parlamento do Mercosul";107,1
mo312;201909;17/09/2019;31;14;Reuniões do Parlamento Latino-Americano;5001,2
mo313;201909;17/09/2019;31;14;Reuniões do Parlamento Latino-Americano;4116,83
mo314;201909;17/09/2019;31;15;Reuniões do Parlamento Latino-Americano;107,1
mo315;201909;19/09/2019;70;14;141ª Assembleia da União Interparlamentar e da Sessão Ordinária do Grupo de Parlamentares da América Latina e do Caribe;7823,21
mo316;201909;19/09/2019;70;15;141ª Assembleia da União Interparlamentar e da Sessão Ordinária do Grupo de Parlamentares da América Latina e do Caribe;214,72
mo317;201909;23/09/2019;27;14;"Reuniões das Comissões Permanentes e do Observatório da Democracia, bem como, da LXVII Sessão Ordinária do Parlamento do
Mercosul";0,01
mo318;201909;23/09/2019;27;14;"Reuniões das Comissões Permanentes e do Observatório da Democracia, bem como, da LXVII Sessão Ordinária do Parlamento do
Mercosul";526,54
mo319;201909;25/09/2019;27;14;Reuniões das Comissões Permanentes e do Observatório da Democracia, bem como, da LXVII Sessão Ordinária do Parlamento do Mercosul;762,4
mo320;201909;25/09/2019;27;14;Reuniões das Comissões Permanentes e do Observatório da Democracia, bem como, da LXVII Sessão Ordinária do Parlamento do Mercosul;1558,63
mo321;201909;25/09/2019;27;14;"Reuniões das Comissões Permanentes e do Observatório da Democracia, bem como, da LXVII Sessão Ordinária do Parlamento do
Mercosul";944,37
mo322;201909;23/09/2019;27;15;"Reuniões das Comissões Permanentes e do Observatório da Democracia, bem como, da LXVII Sessão Ordinária do Parlamento do
Mercosul";109,2
mo323;201909;24/09/2019;69;14;Conferência da ONU;39435,17
mo324;201909;24/09/2019;69;15;Conferência da ONU;364,88
mo325;201909;26/09/2019;53;14;"Reuniões das Comissões Permanentes e do Observatório da Democracia, bem como, da LXVII Sessão Ordinária do Parlamento do
Mercosul";3286,8
mo326;201909;26/09/2019;53;15;"Reuniões das Comissões Permanentes e do Observatório da Democracia, bem como, da LXVII Sessão Ordinária do Parlamento do
Mercosul";109,72
mo327;201909;27/09/2019;65;14;Reuniões das Comissões Permanentes e do Observatório da Democracia, bem como, da LXVII Sessão Ordinária do Parlamento do Mercosul;3712,88
mo328;201909;27/09/2019;65;14;Reuniões das Comissões Permanentes e do Observatório da Democracia, bem como, da LXVII Sessão Ordinária do Parlamento do Mercosul;3530,56
mo329;201909;27/09/2019;65;15;Reuniões das Comissões Permanentes e do Observatório da Democracia, bem como, da LXVII Sessão Ordinária do Parlamento do Mercosul;108,67
mo330;201909;30/09/2019;61;13;XII Bienal Internacional do Livro de Pernambuco;1020,58
mo331;201910;02/10/2019;5;14;141ª Assembleia da União Interparlamentar e da Sessão Ordinária do Grupo de Parlamentares da América Latina e do Caribe;20720,5
mo332;201910;02/10/2019;5;15;141ª Assembleia da União Interparlamentar e da Sessão Ordinária do Grupo de Parlamentares da América Latina e do Caribe;131,35
mo333;201910;09/10/2019;28;14;Participar da 141ª Assembleia da União Interpalamentar;29360,09
mo334;201910;09/10/2019;28;15;Participar da 141ª Assembleia da União Interpalamentar;149,94
mo335;201910;10/10/2019;27;14;Reuniões das Comissões Permanentes, da Bancada Progressista, bem como da LXVIII Sessão Plenária do Parlamento do Mercosu;2872,56
mo336;201910;10/10/2019;27;14;Reuniões das Comissões Permanentes, da Bancada Progressista, bem como da LXVIII Sessão Plenária do Parlamento do Mercosu;2968,83
mo337;201910;10/10/2019;27;15;Reuniões das Comissões Permanentes, da Bancada Progressista, bem como da LXVIII Sessão Plenária do Parlamento do Mercosu;107,36
mo338;201910;10/10/2019;65;14;Participar como palestrante da Semana de Defesa do Consumidor;8022,78
mo339;201910;10/10/2019;65;15;Participar como palestrante da Semana de Defesa do Consumidor;150,31
mo340;201910;11/10/2019;75;14;Reuniões das Comissões Permanentes, da Bancada Progressista, bem como da LXVIII Sessão Plenária do Parlamento do Mercosu;6096,1
mo341;201910;11/10/2019;75;15;Reuniões das Comissões Permanentes, da Bancada Progressista, bem como da LXVIII Sessão Plenária do Parlamento do Mercosu;107,89
mo342;201910;23/10/2019;27;14;Acompanhar e observar o processo eleitoral da Argentina;2158,68
mo343;201910;23/10/2019;27;14;Acompanhar e observar o processo eleitoral da Argentina;2533,41
mo344;201910;23/10/2019;27;15;Acompanhar e observar o processo eleitoral da Argentina;107,1
mo345;201910;25/10/2019;5;14;Reuniões das Comissões  do Parlatino;8249,91
mo346;201910;29/10/2019;5;15;Reuniões das Comissões  do Parlatino;104,21
mo347;201910;30/10/2019;78;13;Representar o Senado Federal na solenidade de posse da nova Diretora da Academia Brasileira de Medicina Veterinária;1465,58
mo348;201910;30/10/2019;78;13;Representar o Senado Federal na solenidade de posse da nova Diretora da Academia Brasileira de Medicina Veterinária;1084,44
mo349;201910;31/10/2019;31;14;Reuniões das Comissões do Parlamento Latino-Americano e Caribenho – Parlatino;7713,21
mo350;201911;07/11/2019;31;14;Reuniões das Comissões do Parlamento Latino-Americano e Caribenho – Parlatino;766,67
mo351;201910;31/10/2019;31;15;Reuniões das Comissões do Parlamento Latino-Americano e Caribenho – Parlatino;168,42
mo352;201910;28/10/2019;28;14;Workshop Theory and Tools of the Harvard Negotiation Project - Cambridge;3285,1
mo353;201911;01/11/2019;28;14;Workshop Theory and Tools of the Harvard Negotiation Project - Cambridge;2457,3
mo354;201911;07/11/2019;28;14;Workshop Theory and Tools of the Harvard Negotiation Project - Cambridge;638,3
mo355;201911;07/11/2019;28;14;Workshop Theory and Tools of the Harvard Negotiation Project - Cambridge;1210,53
mo356;201911;01/11/2019;28;13;Workshop Theory and Tools of the Harvard Negotiation Project - Cambridge;967,86
mo357;201911;01/11/2019;28;13;Workshop Theory and Tools of the Harvard Negotiation Project - Cambridge;495,9
mo358;201910;28/10/2019;28;15;Workshop Theory and Tools of the Harvard Negotiation Project - Cambridge;148,4
mo359;201910;30/10/2019;49;14;Workshop Theory and Tools of the Harvard Negotiation Project - Cambridge;6152,72
mo360;201910;30/10/2019;49;15;Workshop Theory and Tools of the Harvard Negotiation Project - Cambridge;249,38
mo361;201911;06/11/2019;27;14;Convenção “ Progressive Alliance Convention – Progress for Freedom, Justice and Solidarity”, e encontros bilaterais com representantes de vários países participantes;1762,82
mo362;201911;06/11/2019;27;14;"Convenção “ Progressive Alliance Convention – Progress for Freedom, Justice and Solidarity”, e encontros bilaterais com
representantes de vários países participantes";4234,9
mo363;201911;06/11/2019;27;15;"Convenção “ Progressive Alliance Convention – Progress for Freedom, Justice and Solidarity”, e encontros bilaterais com
representantes de vários países participantes";105
mo364;201911;06/11/2019;21;13;Comissão Temporária Externa para acompanhar as ações de enfretamento às manchas de óleo no litoral brasileiro - CPI - CTEOLEO;1895,58
mo365;201911;06/11/2019;21;13;Comissão Temporária Externa para acompanhar as ações de enfretamento às manchas de óleo no litoral brasileiro - CPI - CTEOLEO;857,86
mo366;201911;06/11/2019;21;13;Comissão Temporária Externa para acompanhar as ações de enfretamento às manchas de óleo no litoral brasileiro - CPI - CTEOLEO;1436,05
mo367;201911;06/11/2019;61;13;Comissão Temporária Externa para acompanhar as ações de enfretamento às manchas de óleo no litoral brasileiro - CPI - CTEOLEO;1895,58
mo368;201911;06/11/2019;61;13;Comissão Temporária Externa para acompanhar as ações de enfretamento às manchas de óleo no litoral brasileiro - CPI - CTEOLEO;1428,86
mo369;201911;06/11/2019;34;13;Comissão Temporária Externa para acompanhar as ações de enfretamento às manchas de óleo no litoral brasileiro - CPI - CTEOLEO;857,86
mo370;201911;13/11/2019;34;14;"Missão Oficial à Europa - Itália, França, Alemanha e Espanha - a fim de participar da delegação do Consórcio de Governadores do
Nordeste";5647,92
mo371;201911;13/11/2019;34;14;"Missão Oficial à Europa - Itália, França, Alemanha e Espanha - a fim de participar da delegação do Consórcio de Governadores do
Nordeste";2628,14
mo372;201911;13/11/2019;34;14;Missão Oficial à Europa - Itália, França, Alemanha e Espanha - a fim de participar da delegação do Consórcio de Governadores do Nordeste;619,63
mo373;201911;14/11/2019;34;15;Missão Oficial à Europa - Itália, França, Alemanha e Espanha - a fim de participar da delegação do Consórcio de Governadores do Nordeste;169,3
mo374;201911;19/11/2019;20;14;Representar o Senado Federal e a Comissão de relações Exteriores e Defesa Nacional na Cúpula Global de Parlamentares, durante Fórum de Governança da Internet (IGF);13739,13
mo375;201911;19/11/2019;20;15;"Representar o Senado Federal e a Comissão de relações Exteriores e Defesa Nacional na Cúpula Global de Parlamentares, durante
Fórum de Governança da Internet (IGF)";153,61
mo376;201911;21/11/2019;5;14;Reuniões das Comissões Permanentes da Assembleia Parlamentar Euro-Latino-Americana - EUROLAT;10976,11
mo377;201912;05/12/2019;5;14;Reuniões das Comissões Permanentes da Assembleia Parlamentar Euro-Latino-Americana - EUROLAT;4574,13
mo378;201911;21/11/2019;5;15;Reuniões das Comissões Permanentes da Assembleia Parlamentar Euro-Latino-Americana - EUROLAT;110,25
mo379;201911;27/11/2019;21;14;25ª Conferência das Partes da Convenção – Quadro das Nações Unidas sobre Mudanças Climáticas – COP 25;3781,71
mo380;201911;27/11/2019;21;15;25ª Conferência das Partes da Convenção – Quadro das Nações Unidas sobre Mudanças Climáticas – COP 26;200,81
mo381;201911;28/11/2019;31;15;25ª Conferência das Partes da Convenção – Quadro das Nações Unidas sobre Mudanças Climáticas – COP 25;111,82
mo382;201911;28/11/2019;31;14;25ª Conferência das Partes da Convenção – Quadro das Nações Unidas sobre Mudanças Climáticas – COP 26;6184,47
mo383;201911;28/11/2019;31;14;25ª Conferência das Partes da Convenção – Quadro das Nações Unidas sobre Mudanças Climáticas – COP 26;8212,3
mo384;201911;28/11/2019;61;14;25ª Conferência das Partes da Convenção-Quadro das Nações Unidas sobre Mudanças Climáticas – COP 25;3453,84
mo385;201911;29/11/2019;61;15;25ª Conferência das Partes da Convenção-Quadro das Nações Unidas sobre Mudanças Climáticas – COP 25;178,08
mo386;201911;29/11/2019;53;14;"Reuniões das Comissões Permanentes, Mesa Diretora, LXX Sessão Plenária do Parlamento do Mercosul e “Foro de LA Cadena
Láctea del Mercosul”";1908,61
mo387;201912;02/12/2019;53;15;"Reuniões das Comissões Permanentes, Mesa Diretora, LXX Sessão Plenária do Parlamento do Mercosul e “Foro de LA Cadena
Láctea del Mercosul”";110,77
mo388;201912;02/12/2019;27;13;"Reuniões das Comissões Permanentes, Mesa Diretora, LXX Sessão Plenária do Parlamento do Mercosul e “Foro de LA Cadena
Láctea del Mercosul”";400,86
mo389;201912;02/12/2019;27;14;"Reuniões das Comissões Permanentes, Mesa Diretora, LXX Sessão Plenária do Parlamento do Mercosul e “Foro de LA Cadena
Láctea del Mercosul”";1793,58
mo390;201912;02/12/2019;27;13;Reuniões das Comissões Permanentes, Mesa Diretora, LXX Sessão Plenária do Parlamento do Mercosul e “Foro de LA Cadena Láctea del Mercosul”;561,6
mo391;201912;02/12/2019;27;15;Reuniões das Comissões Permanentes, Mesa Diretora, LXX Sessão Plenária do Parlamento do Mercosul e “Foro de LA Cadena Láctea del Mercosul”;110,77
mo392;201912;04/12/2019;18;13;25ª Conferência das Partes da Convenção-Quadro das Nações Unidas sobre Mudanças Climáticas – COP 25;110,25
mo393;201912;05/12/2019;66;14;"Reuniões das Comissões Permanentes, da Mesa Diretora, bem como da LXX Sessão Plenária do Parlamento do Mercosul e “ Foro
de La Cadena Láctea del Mercosul “";1510,15
mo394;201912;05/12/2019;66;15;Reuniões das Comissões Permanentes, da Mesa Diretora, bem como da LXX Sessão Plenária do Parlamento do Mercosul e “ Foro de La Cadena Láctea del Mercosul “;109,99
mo395;201912;06/12/2019;75;14;Reuniões da Bancada Progressista, das Comissões Permanentes, e da LXX Sessão Plenária e Observatório da Democracia do Parlamento do Mercosul;1846,36
mo396;201912;06/12/2019;75;15;"Reuniões da Bancada Progressista, das Comissões Permanentes, e da LXX Sessão Plenária e Observatório da Democracia do
Parlamento do Mercosul";110,51
mo397;201901;10/01/2019;128;13;"Participar da delegação brasileira do ''Bett Show UK” bem como do “7° Annual Cisco Education & Technology Leaders Delegation
Latin America Study Tour” - Londres/Inglaterra";1626,06
mo398;201901;15/01/2019;171;13;Emissão de passagem para senador que estará no exercício da Presidência do Senado Federal;1216,48
mo399;201901;23/01/2019;171;13;Missão Oficial na Cidade de João Pessoa/PB;902,4
mo400;201902;13/02/2019;27;14;Reuniões e atividades diversas na sede do Parlamento Europeu;3135,45
mo401;201902;13/02/2019;27;15;Reuniões e atividades diversas na sede do Parlamento Europeu;128
mo402;201902;21/02/2019;20;14;GSMA Mobile World Congress-2019;30249,24
mo403;201902;21/02/2019;20;15;GSMA Mobile World Congress-2019;106,95
mo404;201902;19/02/2019;104;14;GSMA Mobile World Congress-2019;17643,91
mo405;201902;19/02/2019;104;15;GSMA Mobile World Congress-2019;193,03
mo406;201902;26/02/2019;9;14;Convenção Anual da Prospectors and Developers Association of Canada – PDAC 2019;30512,96
mo407;201902;26/02/2019;9;14;Convenção Anual da Prospectors and Developers Association of Canada – PDAC 2019;129,03
mo408;201903;07/03/2019;11;14;"63º período das Sessões da Comissão sobre Situação da mulher (Commission on the Status of Women – CSW) da Organização das
Nações Unidas – ONU";15025,71
mo409;201903;07/03/2019;11;15;63º período das Sessões da Comissão sobre Situação da mulher (Commission on the Status of Women – CSW) da Organização das Nações Unidas – ONU;229,8
mo410;201903;07/03/2019;72;13;63º período das Sessões da Comissão sobre Situação da mulher (Commission on the Status of Women – CSW) da Organização das Nações Unidas – ONU;297,4
mo411;201903;07/03/2019;72;14;63º período das Sessões da Comissão sobre Situação da mulher (Commission on the Status of Women – CSW) da Organização das Nações Unidas – ONU;6136,67
mo412;201903;07/03/2019;72;15;"63º período das Sessões da Comissão sobre Situação da mulher (Commission on the Status of Women – CSW) da Organização das
Nações Unidas – ONU";172,35
mo413;201903;15/03/2019;64;14;"Proferir exposição sobre o tema “Uma perspectiva congressional sobre a
relação espacial Brasil-EUA” durante a Cúpula Espacial Brasil-EUA";26965,6
mo414;201903;15/03/2019;64;15;"Proferir exposição sobre o tema “Uma perspectiva congressional sobre a
relação espacial Brasil-EUA” durante a Cúpula Espacial Brasil-EUA";172,8
mo415;202002;06/02/2020;53;14;Reunião da Mesa Diretora do Parlamento do Mercosul;1618,19
mo416;202002;06/02/2020;53;15;Reunião da Mesa Diretora do Parlamento do Mercosul;111,3
mo417;202002;11/02/2020;24;13;Representar o Senado Federal em evento promovido pela APAES do Estado de SP;2025,11
mo418;202002;14/02/2020;27;14;Audiência Pública da União Interparlamentar sobre a Educação como chave para a paz e o desenvolvimento sustentável;7055,57
mo419;202002;14/02/2020;27;15;Audiência Pública da União Interparlamentar sobre a Educação como chave para a paz e o desenvolvimento sustentável;188,35
mo420;202002;21/02/2020;28;14;Fórum dos Jovens Parlamentares do BRICS;6065,88
mo422;202003;06/03/2020;28;14;Fórum dos Jovens Parlamentares do BRICS;7925,15
mo423;202002;21/02/2020;28;13;Fórum dos Jovens Parlamentares do BRICS;884,32
mo424;202003;06/03/2020;28;13;Fórum dos Jovens Parlamentares do BRICS;1622,83
mo425;202002;21/02/2020;28;15;Fórum dos Jovens Parlamentares do BRICS;164,25
mo426;202002;27/02/2020;72;14;64ª Sessão da Comissão sobre a situação da Mulher (CSW) da Organização das Nações Unidas (ONU);4558,96
mo428;202002;28/02/2020;18;14;Fórum dos Jovens Parlamentares do BRICS;4515,89
mo429;202002;28/02/2020;18;15;Fórum dos Jovens Parlamentares do BRICS;164,27
mo430;202002;19/02/2020;53;13;"Visita Institucional a Casa da Moeda na cidade do Rio de Janeiro e Sessão Solene da Posse dos Novos Dirigentes do
TRF da 3º Região na cidade de São Paulo";716,3
mo431;202002;19/02/2020;53;13;Visita Institucional a Casa da Moeda na cidade do Rio de Janeiro e Sessão Solene da Posse dos Novos Dirigentes do TRF da 3º Região na cidade de São Paulo;375,33
mo432;202002;19/02/2020;53;13;"Visita Institucional a Casa da Moeda na cidade do Rio de Janeiro e Sessão Solene da Posse dos Novos Dirigentes do
TRF da 3º Região na cidade de São Paulo";925,11
mo433;202010;22/10/2020;53;14;Reuniao de Consultas Politicas Brasil-Russia;23487,27
mo434;202010;23/10/2020;53;15;Reuniao de Consultas Politicas Brasil-Russia;230,59
