﻿cod_tipo_despesa;cod_grupo_despesa;despesa
1;1;Aluguel de imóveis para escritório político
2;1;Aquisição de material de consumo para uso no escritório político
3;1;Contratação de consultorias, assessorias, pesquisas, trabalhos técnicos e outros serviços
4;1;Divulgação da atividade parlamentar
5;1;Locomoção, hospedagem, alimentação, combustíveis e lubrificantes
6;1;Passagens aéreas, aquáticas e terrestres nacionais
7;1;Serviços de Segurança Privada
8;2;Combustível
9;3;Salário - Comissionado
10;3;Salário - Efetivo
11;3;Salário - Parlamentar
12;3;Salário - Exercicio Provisório
13;4;Viagem nacional
14;4;Viagem internacional
15;4;Seguro viagem
