﻿COD_SENADOR;NOME_SENADOR;SITUACAO;PARTIDO;UF;MANDATO;TITULARIDADE;TELEFONES;DTNASC;EMAIL;CHEFE_GAB;ENDERECO;AUXILIO_MORADIA
1;ACIR GURGACZ;Em exercício;PDT;RO;2015 / 2023;Titular;(61)3303-3131,(61)3303-3132,;25/02/1962;sen.acirgurgacz@senado.leg.br;Marcello Augusto Castro Varella;SENADO FEDERAL ANEXO 2   ALA TANCREDO NEVES GABINETE 56;SIM
2;ALESSANDRO VIEIRA;Em exercício;CIDADANIA;SE;2019 / 2027;Titular;(61)3303-9011,(61)3303-9014,;03/04/1975;sen.alessandrovieira@senado.leg.br;Elaine Da Silva Gontijo;SENADO FEDERAL ANEXO 2   ALA AFONSO ARINOS GABINETE 08;SIM
3;ALVARO DIAS;Em exercício;PODEMOS;PR;2015 / 2023;Titular;(61)3303-4059,(61)3303-4060,(61)3303-2941;07/12/1944;sen.alvarodias@senado.leg.br;Paulo Kepler Duarte Sampaio Júnior;SENADO FEDERAL ANEXO 2   ALA NILO COELHO 1º PAVIMENTO GABINETE 10;SIM
4;ANGELO CORONEL;Em exercício;PSD;BA;2019 / 2027;Titular;(61)3303-6103,(61)3303-6105,;03/05/1958;sen.angelocoronel@senado.leg.br;Natanael Alves Ferreira;SENADO FEDERAL ANEXO 2   ALA AFONSO ARINOS GABINETE 03;SIM
5;ANTONIO ANASTASIA;Em exercício;PSD;MG;2015 / 2023;Titular;(61)3303-5717,;09/05/1961;sen.antonioanastasia@senado.leg.br;Daniel Da Cunha Messias Roque;SENADO FEDERAL ANEXO 2   ALA TANCREDO NEVES GABINETE 51;SIM
6;CARLOS FÁVARO;Em exercício;PSD;MT;2019 / 2027;Titular;(61)3303-6408,;19/10/1969;sen.carlosfavaro@senado.leg.br;Irajá Rezende De Lacerda;SENADO FEDERAL ANEXO 2   ALA TEOTÔNIO VILELA GABINETE 15;SIM
7;CARLOS PORTINHO;Em exercício;PL;RJ;2019 / 2027;1º Suplente;(61)3303-6640,(61)3303-6613,;02/07/1973;sen.carlosportinho@senado.leg.br;Sérgio Teles Torres;SENADO FEDERAL ANEXO 2   ALA TEOTÔNIO VILELA GABINETE 19;SIM
8;CARLOS VIANA;Em exercício;PSD;MG;2019 / 2027;Titular;(61)3303-3100,;22/03/1963;sen.carlosviana@senado.leg.br;Walter Augusto Osorio Junior;SENADO FEDERAL ANEXO 2   ALA TEOTÔNIO VILELA GABINETE 23;SIM
9;CHICO RODRIGUES;Em exercício;DEM;RR;2019 / 2027;Titular;(61)3303-2281,;23/04/1951;sen.chicorodrigues@senado.leg.br;João Carlos Moreira Corrêa;SENADO FEDERAL ANEXO 2   ALA TEOTÔNIO VILELA GABINETE 10;SIM
10;CID GOMES;Em exercício;PDT;CE;2019 / 2027;Titular;(61)3303-6460,(61)3303-6399,;27/04/1963;sen.cidgomes@senado.leg.br;Glaucio Ribeiro De Pinho;SENADO FEDERAL ANEXO 1  10º PAVIMENTO;SIM
11;DANIELLA RIBEIRO;Em exercício;PP;PB;2019 / 2027;Titular;(61)3303-6788,(61)3303-6790,;26/03/1972;sen.daniellaribeiro@senado.leg.br;Maria Eduarda Souto De Aquino;SENADO FEDERAL ANEXO 2   ALA TEOTÔNIO VILELA GABINETE 13;SIM
12;DÁRIO BERGER;Em exercício;MDB;SC;2015 / 2023;Titular;(61)3303-5947,(61)3303-5951,(61)3303-5955;07/12/1956;sen.darioberger@senado.leg.br;-;SENADO FEDERAL ANEXO 1  16º PAVIMENTO;SIM
13;DAVI ALCOLUMBRE;Em exercício;DEM;AP;2015 / 2023;Titular;(61)3303-6717,(61)3303-6720,;19/06/1977;sen.davialcolumbre@senado.leg.br;Ana Paula De Magalhães Albuquerque Lima;SENADO FEDERAL ANEXO 2   ALA AFONSO ARINOS GABINETE 10;SIM
14;EDUARDO BRAGA;Em exercício;MDB;AM;2019 / 2027;Titular;(61)3303-6230,;06/12/1960;sen.eduardobraga@senado.leg.br;Valéria Simenov Thomé;SENADO FEDERAL ANEXO 1  12º PAVIMENTO;SIM
15;EDUARDO GIRÃO;Em exercício;PODEMOS;CE;2019 / 2027;Titular;(61)3303-6677,(61)3303-6678,;25/09/1972;sen.eduardogirao@senado.leg.br;Francisco Maiorana Neto;SENADO FEDERAL ANEXO 2   ALA TEOTÔNIO VILELA GABINETE 21;SIM
16;EDUARDO GOMES;Em exercício;MDB;TO;2019 / 2027;Titular;(61)3303-6349,(61)3303-6352,(61)3303-6354;28/04/1966;sen.eduardogomes@senado.leg.br;Walter Germano De Oliveira;SENADO FEDERAL ANEXO 1  5º PAVIMENTO;SIM
17;ELIANE NOGUEIRA;Em exercício;PP;PI;2019 / 2027;1º Suplente;(61)3303-6187,(61)3303-6188,;03/07/1949;sen.elianenogueira@senado.leg.br;Myrian Violeta Cavalhero;SENADO FEDERAL ANEXO 1  3º PAVIMENTO;SIM
18;ELIZIANE GAMA;Em exercício;CIDADANIA;MA;2019 / 2027;Titular;(61)3303-6741,(61)3303-6703,;27/02/1977;sen.elizianegama@senado.leg.br;Orêmio César De Mello;SENADO FEDERAL ANEXO 2   PAVIMENTO TÉRREO;SIM
19;ELMANO FÉRRER;Em exercício;PP;PI;2015 / 2023;Titular;(61)3303-2415,(61)3303-3055,;01/08/1942;sen.elmanoferrer@senado.leg.br;Paulo Henrique Ferreira Nunes;SENADO FEDERAL ANEXO 2   ALA TEOTÔNIO VILELA GABINETE 06;SIM
20;ESPERIDIÃO AMIN;Em exercício;PP;SC;2019 / 2027;Titular;(61)3303-6446,(61)3303-6447,;21/12/1947;sen.esperidiaoamin@senado.leg.br;Amaro Lucio Da Silva;SENADO FEDERAL ANEXO 2   ALA NILO COELHO PAVIMENTO TÉRREO SALA 2;SIM
21;FABIANO CONTARATO;Em exercício;REDE;ES;2019 / 2027;Titular;(61)3303-9049,;20/06/1966;sen.fabianocontarato@senado.leg.br;Lisandra Melo Barbiero;SENADO FEDERAL ANEXO 2   ALA AFONSO ARINOS GABINETE 06;SIM
22;FERNANDO BEZERRA COELHO;Em exercício;MDB;PE;2015 / 2023;Titular;(61)3303-2182,(61)3303-4084,(61)3303-2189;07/12/1957;sen.fernandobezerracoelho@senado.leg.br;-;SENADO FEDERAL EDIFÍCIO PRINCIPAL   ALA DINARTE MARIZ GABINETE 04;SIM
23;FERNANDO COLLOR;Em exercício;PROS;AL;2015 / 2023;Titular;(61)3303-5783,(61)3303-5787,(61)3303-5789;12/08/1949;Sen.fernandocollor@senado.leg.br;Joberto Mattos De Santanna;SENADO FEDERAL ANEXO 1  13º PAVIMENTO;SIM
24;FLÁVIO ARNS;Em exercício;PODEMOS;PR;2019 / 2027;Titular;(61)3303-6301,;09/11/1950;sen.flavioarns@senado.leg.br;Aires Pereira Das Neves Junior;SENADO FEDERAL ANEXO 2   ALA TEOTÔNIO VILELA GABINETE 04;SIM
25;FLÁVIO BOLSONARO;Em exercício;PATRIOTA;RJ;2019 / 2027;Titular;(61)3303-1717,(61)3303-1718,;30/04/1981;sen.flaviobolsonaro@senado.leg.br;Miguel Angelo Braga Grillo;SENADO FEDERAL ANEXO 1  17º PAVIMENTO;SIM
26;GIORDANO;Em exercício;MDB;SP;2019 / 2027;1º Suplente;(61)3303-4177,;26/06/1973;sen.giordano@senado.leg.br;Mariana Oliveira Cassel;SENADO FEDERAL ANEXO 2   ALA TEOTÔNIO VILELA GABINETE 07;SIM
27;HUMBERTO COSTA;Em exercício;PT;PE;2019 / 2027;Titular;(61)3303-6285,(61)3303-6286,;07/07/1957;sen.humbertocosta@senado.leg.br;Adilson Batista Bezerra;SENADO FEDERAL ANEXO 2   ALA RUY CARNEIRO GABINETE 01;SIM
28;IRAJÁ;Em exercício;PSD;TO;2019 / 2027;Titular;(61)3303-6469,(61)3303-6474;03/02/1983;sen.iraja@senado.leg.br;Vilmar Bomfim Ayres Da Fonseca;SENADO FEDERAL ANEXO 1  21º PAVIMENTO;SIM
29;IZALCI LUCAS;Em exercício;PSDB;DF;2019 / 2027;Titular;(61)3303-6049,(61)3303-6050,;07/04/1956;sen.izalcilucas@senado.leg.br;Renzo Viggiano;SENADO FEDERAL ANEXO 1  11º PAVIMENTO;SIM
30;JADER BARBALHO;Em exercício;MDB;PA;2019 / 2027;Titular;(61)3303-9831,(61)3303-9827,(61)3303-9828;27/10/1944;sen.jaderbarbalho@senado.leg.br;Leticia De Matos Pereira;SENADO FEDERAL ANEXO 1  2º PAVIMENTO;SIM
31;JAQUES WAGNER;Em exercício;PT;BA;2019 / 2027;Titular;(61)3303-6390,(61)3303-6391,;16/03/1951;sen.jaqueswagner@senado.leg.br;Anna Carolina Rabello De Lucena Castro;SENADO FEDERAL ANEXO 1  23º PAVIMENTO;SIM
32;JARBAS VASCONCELOS;Em exercício;MDB;PE;2019 / 2027;Titular;(61)3303-3522,(61)3303-3593,;23/08/1942;sen.jarbasvasconcelos@senado.leg.br;Aristeu De Oliveira Plácido Junior;SENADO FEDERAL ANEXO 1  4º PAVIMENTO;SIM
33;JAYME CAMPOS;Em exercício;DEM;MT;2019 / 2027;Titular;(61)3303-2390,(61)3303-2384,;13/09/1951;Sen.JaymeCampos@senado.leg.br;-;SENADO FEDERAL ANEXO II BLOCO A TÉRREO ALA AFONSO ARINOS GABINETE 09;SIM
34;JEAN PAUL PRATES;Em exercício;PT;RN;2015 / 2023;1º Suplente;(61)3303-1777,(61)3303-1884,;19/06/1968;sen.jeanpaulprates@senado.leg.br;Maria De Jesus Amorim Farias;SENADO FEDERAL ANEXO 2   ALA TEOTÔNIO VILELA GABINETE 03;SIM
35;JORGE KAJURU;Em exercício;PODEMOS;GO;2019 / 2027;Titular;(61)3303-2844,(61)3303-2031,;20/01/1961;sen.jorgekajuru@senado.leg.br;Murilo De Souza Arrais;SENADO FEDERAL ANEXO 2   ALA TEOTÔNIO VILELA GABINETE 16;SIM
36;JORGINHO MELLO;Em exercício;PL;SC;2019 / 2027;Titular;(61)3303-2200,;15/07/1956;sen.jorginhomello@senado.leg.br;Paulo Victor Da Silva De Medeiros;SENADO FEDERAL ANEXO 2   ALA TANCREDO NEVES GABINETE 50;SIM
37;JOSÉ ANÍBAL;Em exercício;PSDB;SP;2015 / 2023;1º Suplente;(61)3303-6651,(61)3303-6655,(61)3303-6659;09/08/1947;sen.joseanibal@senado.leg.br;Felipe José Cardoso Avezani;SENADO FEDERAL EDIFÍCIO PRINCIPAL   ALA DINARTE MARIZ GABINETE 02;SIM
38;KÁTIA ABREU;Em exercício;PP;TO;2015 / 2023;Titular;(61)3303-2464,(61)3303-2708,(61)3303-2990;02/02/1962;sen.katiaabreu@senado.leg.br;Glauceni Nunes De Souza Hoffmann;SENADO FEDERAL ANEXO 1  6º PAVIMENTO;SIM
39;LASIER MARTINS;Em exercício;PODEMOS;RS;2015 / 2023;Titular;(61)3303-2323,(61)3303-2329,;14/04/1942;sen.lasiermartins@senado.leg.br;Ismael Mota Gomes De Almeida;SENADO FEDERAL ANEXO 2 ALA ALEXANDRE COSTA SUBSOLO  GABINETE 03;SIM
40;LEILA BARROS;Em exercício;CIDADANIA;DF;2019 / 2027;Titular;(61)3303-6427,;30/09/1971;sen.leilabarros@senado.leg.br;Ricarda Raquel Barbosa Lima;SENADO FEDERAL ANEXO 2   ALA TEOTÔNIO VILELA GABINETE 11;SIM
41;LUCAS BARRETO;Em exercício;PSD;AP;2019 / 2027;Titular;(61)3303-4851,;10/11/1964;sen.lucasbarreto@senado.leg.br;Cassio Ruy Caporal;SENADO FEDERAL ANEXO 2   ALA AFONSO ARINOS GABINETE 02;SIM
42;LUIS CARLOS HEINZE;Em exercício;PP;RS;2019 / 2027;Titular;(61)3303-4124,(61)3303-4127,;14/09/1950;sen.luiscarlosheinze@senado.leg.br;Claudio Pereira Santa Catarina;SENADO FEDERAL ANEXO 2   ALA AFONSO ARINOS GABINETE 05;SIM
43;LUIZ CARLOS DO CARMO;Em exercício;MDB;GO;2015 / 2023;1º Suplente;(61)3303-6439,(61)3303-6440,;02/04/1958;sen.luizcarlosdocarmo@senado.leg.br;Moizes Félix De Almeida;SENADO FEDERAL ANEXO 2   ALA ALEXANDRE COSTA 1º PAVIMENTO GABINETE 21;SIM
44;MAILZA GOMES;Em exercício;PP;AC;2015 / 2023;1º Suplente;(61)3303-1357,(61)3303-1367,;10/12/1976;sen.mailzagomes@senado.leg.br;Antônio Oscar Guimarães Lossio;SENADO FEDERAL ANEXO 2   ALA TEOTÔNIO VILELA GABINETE 14;SIM
45;MARA GABRILLI;Em exercício;PSDB;SP;2019 / 2027;Titular;(61)3303-2191,(61)3303-2775;28/09/1967;sen.maragabrilli@senado.leg.br;Sérgio Portilho Simão;SENADO FEDERAL EDIFÍCIO PRINCIPAL  1º ANDAR  GABINETE 05;SIM
46;MARCELO CASTRO;Em exercício;MDB;PI;2019 / 2027;Titular;(61)3303-6130,(61)3303-4078,;09/06/1950;sen.marcelocastro@senado.leg.br;José Da Guia Guimarães;SENADO FEDERAL ANEXO 2   ALA AFONSO ARINOS GABINETE 01;SIM
47;MARCIO BITTAR;Em exercício;PSL;AC;2019 / 2027;Titular;(61)3303-2115,(61)3303-2119,;28/06/1963;sen.marciobittar@senado.leg.br;Denio José Rodrigues Louro;SENADO FEDERAL ANEXO 2  SUBSOLO ALA AFONSO ARINOS GABINETE 12;SIM
48;MARCOS DO VAL;Em exercício;PODEMOS;ES;2019 / 2027;Titular;(61)3303-6747,(61)3303-6753,;15/06/1971;sen.marcosdoval@senado.leg.br;Silvia Ligia Suassuna De Vasconcelos;SENADO FEDERAL ANEXO 1  18º PAVIMENTO;SIM
49;MARCOS ROGÉRIO;Em exercício;DEM;RO;2019 / 2027;Titular;(61)3303-6148,;07/07/1978;sen.marcosrogerio@senado.leg.br;-;SENADO FEDERAL ANEXO 2   ALA TEOTÔNIO VILELA GABINETE 02;SIM
50;MARIA DO CARMO ALVES;Em exercício;DEM;SE;2015 / 2023;Titular;(61)3303-1306,(61)3303-4055,;23/08/1941;sen.mariadocarmoalves@senado.leg.br;Marden Nascimento Costa;SENADO FEDERAL ANEXO 2   ALA NILO COELHO PAVIMENTO TÉRREO GABINETE 08;SIM
51;MARIA ELIZA;Em exercício;MDB;RO;2019 / 2027;1º Suplente;(61)3303-2470,(61)3303-2163,;17/07/1955;-;Rogerio Caroca Cavalcante;SENADO FEDERAL ANEXO 2   ALA TEOTÔNIO VILELA GABINETE 05;
52;MECIAS DE JESUS;Em exercício;REPUBLICANOS;RR;2019 / 2027;Titular;(61)3303-5291,(61)3303-5292,;08/02/1962;sen.meciasdejesus@senado.leg.br;-;SENADO FEDERAL ANEXO 2   ALA RUY CARNEIRO GABINETE 02;SIM
53;NELSINHO TRAD;Em exercício;PSD;MS;2019 / 2027;Titular;(61)3303-6767,(61)3303-6768,;05/09/1961;sen.nelsinhotrad@senado.leg.br;Maria Genilse Dos Santos;SENADO FEDERAL ANEXO 1  24º PAVIMENTO;SIM
54;NILDA GONDIM;Em exercício;MDB;PB;2015 / 2023;1º Suplente;(61)3303-6490,(61)3303-6485,(61)3303-6493;30/03/1946;sen.nildagondim@senado.leg.br;Ranilton Monteiro Neves;SENADO FEDERAL ANEXO 1  7º PAVIMENTO;SIM
55;OMAR AZIZ;Em exercício;PSD;AM;2015 / 2023;Titular;(61)3303-6579,(61)3303-6524;13/08/1958;sen.omaraziz@senado.leg.br;Renan Fernandes Do Nascimento;SENADO FEDERAL ANEXO 2   ALA FILINTO MÜLLER GABINETE 01;SIM
56;ORIOVISTO GUIMARÃES;Em exercício;PODEMOS;PR;2019 / 2027;Titular;(61)3303-1635,;12/08/1945;sen.oriovistoguimaraes@senado.leg.br;André Augusto Sak;SENADO FEDERAL ANEXO 2   ALA TEOTÔNIO VILELA GABINETE 25;SIM
57;OTTO ALENCAR;Em exercício;PSD;BA;2015 / 2023;Titular;(61)3303-1464,(61)3303-1467,(61)3303-2862;28/08/1947;sen.ottoalencar@senado.leg.br;Fábio De Rezende Scarton Coutinho;SENADO FEDERAL ANEXO 2   ALA TEOTÔNIO VILELA GABINETE 09;SIM
58;PAULO PAIM;Em exercício;PT;RS;2019 / 2027;Titular;(61)3303-5232,(61)3303-5231,(61)3303-5235;15/03/1950;sen.paulopaim@senado.leg.br;Ivanete Ferronatto;SENADO FEDERAL ANEXO 1  22º PAVIMENTO;SIM
59;PAULO ROCHA;Em exercício;PT;PA;2015 / 2023;Titular;(61)3303-3800,;01/04/1951;sen.paulorocha@senado.leg.br;-;SENADO FEDERAL ANEXO 2   ALA TEOTÔNIO VILELA GABINETE 08;SIM
60;PLÍNIO VALÉRIO;Em exercício;PSDB;AM;2019 / 2027;Titular;(61)3303-2833,(61)3303-2835,;31/01/1955;sen.pliniovalerio@senado.leg.br;Glaucia Maria De Borba Benevides Gadelha;SENADO FEDERAL ANEXO 2 ALA ALEXANDRE COSTA 1º PAVIMENTO  GABINETE 01;SIM
61;RANDOLFE RODRIGUES;Em exercício;REDE;AP;2019 / 2027;Titular;(61)3303-6777,(61)3303-6568,;06/11/1972;sen.randolferodrigues@senado.leg.br;-;SENADO FEDERAL ANEXO 1  9º PAVIMENTO;SIM
62;REGUFFE;Em exercício;PODEMOS;DF;2015 / 2023;Titular;(61)3303-6355,;05/09/1972;sen.reguffe@senado.leg.br;Marcus Vinicius Borges De Sousa;SENADO FEDERAL ANEXO 2   ALA TEOTÔNIO VILELA GABINETE 17;SIM
63;RENAN CALHEIROS;Em exercício;MDB;AL;2019 / 2027;Titular;(61)3303-2261,;16/09/1955;sen.renancalheiros@senado.leg.br;Martha Lyra Nascimento;SENADO FEDERAL ANEXO 1  15º PAVIMENTO;SIM
64;ROBERTO ROCHA;Em exercício;PSDB;MA;2015 / 2023;Titular;(61)3303-1437,(61)3303-1506,(61)3303-1438;04/08/1965;sen.robertorocha@senado.leg.br;Luis Paulo De Area Leão Rosas Costa;SENADO FEDERAL ANEXO 1  25º PAVIMENTO;SIM
65;RODRIGO CUNHA;Em exercício;PSDB;AL;2019 / 2027;Titular;(61)3303-6083,;11/05/1981;sen.rodrigocunha@senado.leg.br;Carlos Rafael De Aguiar Nery;SENADO FEDERAL ANEXO 2   ALA AFONSO ARINOS GABINETE 07;SIM
66;RODRIGO PACHECO;Em exercício;DEM;MG;2019 / 2027;Titular;(61)3303-2794,(61)3303-2795,;03/11/1976;sen.rodrigopacheco@senado.leg.br;Regina Celia Simplicio;SENADO FEDERAL ANEXO 2   ALA TEOTÔNIO VILELA GABINETE 24;SIM
67;ROGÉRIO CARVALHO;Em exercício;PT;SE;2019 / 2027;Titular;(61)3303-2201,(61)3303-2203,;02/08/1968;sen.rogeriocarvalho@senado.leg.br;Frederico De Pina Álvares Filho;SENADO FEDERAL ANEXO 2   ALA TEOTÔNIO VILELA GABINETE 12;SIM
68;ROMÁRIO;Em exercício;PL;RJ;2015 / 2023;Titular;(61)3303-6519,(61)3303-6517,(61)3303-6520;29/01/1966;sen.romario@senado.leg.br;Wester Eliezer Silva Santos;SENADO FEDERAL ANEXO 2   ALA NILO COELHO PAVIMENTO TÉRREO GABINETE 11;SIM
69;ROSE DE FREITAS;Em exercício;MDB;ES;2015 / 2023;Titular;(61)3303-1156,;23/01/1949;sen.rosedefreitas@senado.leg.br;-;SENADO FEDERAL ANEXO 2   ALA TEOTÔNIO VILELA GABINETE 01;SIM
70;SÉRGIO PETECÃO;Em exercício;PSD;AC;2019 / 2027;Titular;(61)3303-4086,(61)3303-6708,;20/04/1960;sen.sergiopetecao@senado.leg.br;Alexandre Cruvinel Lopes;SENADO FEDERAL ANEXO 2   ALA TANCREDO NEVES GABINETE 54;SIM
71;SIMONE TEBET;Em exercício;MDB;MS;2015 / 2023;Titular;(61)3303-1128,(61)3303-1920;22/02/1970;sen.simonetebet@senado.leg.br;Jacqueline Mousinho Macario;SENADO FEDERAL ANEXO 2   ALA AFONSO ARINOS GABINETE 11;SIM
72;SORAYA THRONICKE;Em exercício;PSL;MS;2019 / 2027;Titular;(61)3303-1775,;01/06/1973;sen.sorayathronicke@senado.leg.br;Vanda Josefina Branchine;SENADO FEDERAL EDIFÍCIO PRINCIPAL   ALA DINARTE MARIZ GABINETE 01;SIM
73;STYVENSON VALENTIM;Em exercício;PODEMOS;RN;2019 / 2027;Titular;(61)3303-1148,;07/02/1977;sen.styvensonvalentim@senado.leg.br;Davi Anjos Paiva;SENADO FEDERAL ANEXO 2   ALA AFONSO ARINOS GABINETE 04;SIM
74;TASSO JEREISSATI;Em exercício;PSDB;CE;2015 / 2023;Titular;(61)3303-4502,(61)3303-4503,;15/12/1948;sen.tassojereissati@senado.leg.br;Fernando Neves De Freitas Banhos;SENADO FEDERAL ANEXO 1  14º PAVIMENTO;SIM
75;TELMÁRIO MOTA;Em exercício;PROS;RR;2015 / 2023;Titular;(61)3303-6315,;15/02/1958;sen.telmariomota@senado.leg.br;João Rios Mendes;SENADO FEDERAL ANEXO 2   ALA RUY CARNEIRO GABINETE 03;SIM
76;VANDERLAN CARDOSO;Em exercício;PSD;GO;2019 / 2027;Titular;(61)3303-2092,(61)3303-2099,;15/11/1962;sen.vanderlancardoso@senado.leg.br;-;SENADO FEDERAL ANEXO 2   ALA AFONSO ARINOS GABINETE 13;SIM
77;VENEZIANO VITAL DO RÊGO;Em exercício;MDB;PB;2019 / 2027;Titular;(61)3303-2252,(61)3303-2481,;17/07/1970;sen.venezianovitaldorego@senado.leg.br;Daniel Queiroz De Medeiros Chianca;SENADO FEDERAL ANEXO 1  20º PAVIMENTO;SIM
78;WELLINGTON FAGUNDES;Em exercício;PL;MT;2015 / 2023;Titular;(61)3303-6219,(61)3303-3778,;01/06/1957;sen.wellingtonfagundes@senado.leg.br;Fernando Pereira Damasceno;SENADO FEDERAL ANEXO 1  19º PAVIMENTO;SIM
79;WEVERTON ROCHA;Em exercício;PDT;MA;2019 / 2027;Titular;(61)3303-4161,(61)3303-1655,;08/10/1979;sen.wevertonrocha@senado.leg.br;Cristina Lino Coêlho Stuckert;SENADO FEDERAL ANEXO 2   ALA TANCREDO NEVES GABINETE 57;SIM
80;ZENAIDE MAIA;Em exercício;PROS;RN;2019 / 2027;Titular;(61)3303-2371,(61)3303-2372,;27/11/1954;sen.zenaidemaia@senado.leg.br;Maria Lucia Sigmaringa Seixas;SENADO FEDERAL ANEXO 1  8º PAVIMENTO;SIM
81;ZEQUINHA MARINHO;Em exercício;PSC;PA;2019 / 2027;Titular;(61)3303-6623,;18/09/1959;sen.zequinhamarinho@senado.leg.br;Alexandre Bodani Cavalcante;SENADO FEDERAL ANEXO 2   ALA TEOTÔNIO VILELA GABINETE 18;SIM
82;CIRO NOGUEIRA;Afastamento do exercício;PP;PI;;;;;;;;SIM
83;DIEGO TAVARES;Afastamento do exercício;PP;PB;;;;;;;;
84;JOSÉ MARANHÃO;Licença saúde (Faleceu em 08/02/2021);MDB;PB;;;;;;;;
85;JOSÉ SERRA;Licença saúde;PSDB;SP;;;;;;;;SIM
86;CONFÚCIO MOURA;Licença Particular;MDB;RO;;;;;;;;SIM
87;DONIZETI NOGUEIRA;Licença Particular;PT;TO;;;;;;;;
88;GILBERTO PISELO;Licença Saúde-Particular;PDT;RO;;;;;;;;
89;GUARACY SILVEIRA;Licença Particular;PSL;TO;;;;;;;;
90;RICARDO FRANCO;Licença Saúde-Particular;DEM;SE;;;;;;;;
91;THIERES PINTO;Licença Saúde-Particular;PTB;RR;;;;;;;;
92;JOSÉ AMAURI;Retorno do titular;PODEMOS;PI;;;;;;;;
93;LUIZ PASTORE;Retorno do titular;MDB;ES;;;;;;;;
94;NAILDE PANTA;Retorno do titular;PP;PB;;;;;;;;
95;NEY SUASSUNA;Retorno do titular;REPUBLICANOS;PB;;;;;;;;
96;PASTOR VALADARES;Retorno do titular;PDT;RO;;;;;;;;
97;PAULO ALBUQUERQUE;Retorno do titular;PSD;AP;;;;;;;;
98;PINTO ITAMARATY;Retorno do titular;PSDB;MA;;;;;;;;
99;PRISCO BEZERRA;Retorno do titular;PDT;CE;;;;;;;;
100;RENILDE BULHÕES;Retorno do titular;PROS;AL;;;;;;;;
101;RUDSON LEITE;Retorno do titular;PV;RR;;;;;;;;
102;SIQUEIRA CAMPOS;Retorno do titular;DEM;TO;;;;;;;;
103;VIRGINIO DE CARVALHO;Retorno do titular;DEM;SE;;;;;;;;
104;AROLDE DE OLIVEIRA;Falecimento;PSD;RJ;;;;;;;;
105;MAJOR OLIMPIO;Falecimento;PSL;SP;;;;;;;;
106;JUÍZA SELMA;Cassação de registro/diploma pela Justiça Eleitora;PODEMOS;MT;;;;;;;;
107;FÁTIMA BEZERRA;Renúncia;PT;RN;;;;;;;;
108;GLADSON CAMELI;Renúncia;PP;AC;;;;;;;;
109;RONALDO CAIADO;Renúncia;DEM;GO;;;;;;;;
112;JORGE VIANA;55ª legislatura;PT;AC;2011 - 2019;;;;;;;
114;BENEDITO DE LIRA;55ª legislatura;PP;AL;2011 - 2019;;;;;;;
115;GIVAGO TENÓRIO;55ª legislatura;PP;AL;2011 - 2019;;;;;;;
119;SANDRA BRAGA;55ª legislatura;MDB;AM;2011 - 2019;;;;;;;
121;VANESSA GRAZZIOTIN;55ª legislatura;PCdoB;AM;2011 - 2019;;;;;;;
123;GILVAM BORGES;55ª legislatura;MDB;AP;2011 - 2019;;;;;;;
124;JOÃO CAPIBERIBE;55ª legislatura;PSB;AP;2011 - 2019;;;;;;;
126;LÍDICE DA MATA;55ª legislatura;PSB;BA;2011 - 2019;;;;;;;
128;WALTER PINHEIRO;55ª legislatura;S/Partido;BA;2011 - 2019;;;;;;;
129;ROBERTO MUNIZ;55ª legislatura;PP;BA;2011 - 2019;;;;;;;
130;EUNÍCIO OLIVEIRA;55ª legislatura;MDB;CE;2011 - 2019;;;;;;;
131;JOSÉ PIMENTEL;55ª legislatura;PT;CE;2011 - 2019;;;;;;;
133;CRISTOVAM BUARQUE;55ª legislatura;CIDADANIA;DF;2011 - 2019;;;;;;;
135;RODRIGO ROLLEMBERG;55ª legislatura;PSB;DF;2011 - 2019;;;;;;;
136;HÉLIO JOSÉ;55ª legislatura;PROS;DF;2011 - 2019;;;;;;;
137;MAGNO MALTA;55ª legislatura;PL;ES;2011 - 2019;;;;;;;
138;RICARDO FERRAÇO;55ª legislatura;PSDB;ES;2011 - 2019;;;;;;;
139;SÉRGIO DE CASTRO;55ª legislatura;PDT;ES;2011 - 2019;;;;;;;
141;DEMÓSTENES TORRES;55ª legislatura;S/Partido;GO;2011 - 2019;;;;;;;
142;WILDER MORAIS;55ª legislatura;DEM;GO;2011 - 2019;;;;;;;
143;LÚCIA VÂNIA;55ª legislatura;PSB;GO;2011 - 2019;;;;;;;
144;IONE GUIMARÃES;55ª legislatura;PTB;GO;2011 - 2019;;;;;;;
147;EDISON LOBÃO;55ª legislatura;MDB;MA;2011 - 2019;;;;;;;
148;PASTOR BEL;55ª legislatura;PRTB;MA;2011 - 2019;;;;;;;
149;JOÃO ALBERTO SOUZA;55ª legislatura;MDB;MA;2011 - 2019;;;;;;;
152;AÉCIO NEVES;55ª legislatura;PSDB;MG;2011 - 2019;;;;;;;
154;ITAMAR FRANCO;55ª legislatura;CIDADANIA;MG;2011 - 2019;;;;;;;
155;ZEZÉ PERRELLA;55ª legislatura;MDB;MG;2011 - 2019;;;;;;;
156;DELCIDIO DO AMARAL;55ª legislatura;S/Partido;MS;2011 - 2019;;;;;;;
157;PEDRO CHAVES DOS SANTOS FILHO;55ª legislatura;REPUBLICANOS;MS;2011 - 2019;;;;;;;
159;WALDEMIR MOKA;55ª legislatura;MDB;MS;2011 - 2019;;;;;;;
160;BLAIRO MAGGI;55ª legislatura;PL;MT;2011 - 2019;;;;;;;
161;CIDINHO SANTOS;55ª legislatura;PL;MT;2011 - 2019;;;;;;;
162;RODRIGUES PALMA;55ª legislatura;PL;MT;2011 - 2019;;;;;;;
163;PEDRO TAQUES;55ª legislatura;PDT;MT;2011 - 2019;;;;;;;
164;JOSÉ MEDEIROS;55ª legislatura;PODEMOS;MT;2011 - 2019;;;;;;;
166;FLEXA RIBEIRO;55ª legislatura;PSDB;PA;2011 - 2019;;;;;;;
168;FERNANDO RIBEIRO;55ª legislatura;MDB;PA;2011 - 2019;;;;;;;
169;MARINOR BRITO;55ª legislatura;PSOL;PA;2011 - 2019;;;;;;;
171;CÁSSIO CUNHA LIMA;55ª legislatura;PSDB;PB;2011 - 2019;;;;;;;
172;DECA;55ª legislatura;PSDB;PB;2011 - 2019;;;;;;;
174;VITAL DO RÊGO;55ª legislatura;MDB;PB;2011 - 2019;;;;;;;
175;RAIMUNDO LIRA;55ª legislatura;PSD;PB;2011 - 2019;;;;;;;
176;WILSON SANTIAGO;55ª legislatura;PTB;PB;2011 - 2019;;;;;;;
177;ARMANDO MONTEIRO;55ª legislatura;PTB;PE;2011 - 2019;;;;;;;
178;DOUGLAS CINTRA;55ª legislatura;PTB;PE;2011 - 2019;;;;;;;
184;WELLINGTON DIAS;55ª legislatura;PT;PI;2011 - 2019;;;;;;;
185;REGINA SOUSA;55ª legislatura;PT;PI;2011 - 2019;;;;;;;
186;ZÉ SANTANA;55ª legislatura;MDB;PI;2011 - 2019;;;;;;;
188;GLEISI HOFFMANN;55ª legislatura;PT;PR;2011 - 2019;;;;;;;
189;ROBERTO REQUIÃO;55ª legislatura;MDB;PR;2011 - 2019;;;;;;;
190;LINDBERGH FARIAS;55ª legislatura;PT;RJ;2011 - 2019;;;;;;;
191;MARCELO CRIVELLA;55ª legislatura;REPUBLICANOS;RJ;2011 - 2019;;;;;;;
192;EDUARDO LOPES;55ª legislatura;REPUBLICANOS;RJ;2011 - 2019;;;;;;;
196;GARIBALDI ALVES FILHO;55ª legislatura;MDB;RN;2011 - 2019;;;;;;;
197;JOSÉ AGRIPINO;55ª legislatura;DEM;RN;2011 - 2019;;;;;;;
201;IVO CASSOL;55ª legislatura;PP;RO;2011 - 2019;;;;;;;
202;REDITARIO CASSOL;55ª legislatura;PP;RO;2011 - 2019;;;;;;;
203;VALDIR RAUPP;55ª legislatura;MDB;RO;2011 - 2019;;;;;;;
204;ÂNGELA PORTELA;55ª legislatura;PDT;RR;2011 - 2019;;;;;;;
205;ROMERO JUCÁ;55ª legislatura;MDB;RR;2011 - 2019;;;;;;;
206;WIRLANDE DA LUZ;55ª legislatura;MDB;RR;2011 - 2019;;;;;;;
210;ANA AMÉLIA;55ª legislatura;PP;RS;2011 - 2019;;;;;;;
214;LUIZ HENRIQUE;55ª legislatura;MDB;SC;2011 - 2019;;;;;;;
215;DALIRIO BEBER;55ª legislatura;PSDB;SC;2011 - 2019;;;;;;;
216;PAULO BAUER;55ª legislatura;PSDB;SC;2011 - 2019;;;;;;;
217;ANTÔNIO CARLOS VALADARES;55ª legislatura;PSB;SE;2011 - 2019;;;;;;;
218;ELBER BATALHA;55ª legislatura;PSB;SE;2011 - 2019;;;;;;;
219;EDUARDO AMORIM;55ª legislatura;PSDB;SE;2011 - 2019;;;;;;;
223;ALOYSIO NUNES FERREIRA;55ª legislatura;PSDB;SP;2011 - 2019;;;;;;;
224;AIRTON SANDOVAL;55ª legislatura;MDB;SP;2011 - 2019;;;;;;;
227;MARTA SUPLICY;55ª legislatura;MDB;SP;2011 - 2019;;;;;;;
228;JOÃO RIBEIRO;55ª legislatura;PL;TO;2011 - 2019;;;;;;;
229;ATAÍDES OLIVEIRA;55ª legislatura;PSDB;TO;2011 - 2019;;;;;;;
233;VICENTINHO ALVES;55ª legislatura;PL;TO;2011 - 2019;;;;;;;
234;ALFREDO NASCIMENTO;Fora do exercício;;AM;;;;;;;;
235;ANA RITA;Fora do exercício;;ES;;;;;;;;
236;ANÍBAL DINIZ;Fora do exercício;;AC;;;;;;;;
237;CASILDO MALDANER;Fora do exercício;;SC;;;;;;;;
238;CÍCERO LUCENA;Fora do exercício;;PB;;;;;;;;
239;CYRO MIRANDA;Fora do exercício;;GO;;;;;;;;
240;EDUARDO SUPLICY;Fora do exercício;;SP;;;;;;;;
241;EPITÁCIO CAFETEIRA;Fora do exercício;;MA;;;;;;;;
242;INÁCIO ARRUDA;Fora do exercício;;CE;;;;;;;;
243;IVONETE DANTAS;Fora do exercício;;RN;;;;;;;;
244;JOÃO DURVAL;Fora do exercício;;BA;;;;;;;;
245;JOÃO VICENTE CLAUDINO;Fora do exercício;;PI;;;;;;;;
246;MARCO ANTÔNIO COSTA;Fora do exercício;;TO;;;;;;;;
247;MÁRIO COUTO;Fora do exercício;;PA;;;;;;;;
248;PEDRO SIMON;Fora do exercício;;RS;;;;;;;;
249;RUBEN FIGUEIRÓ;Fora do exercício;;MS;;;;;;;;
250;SODRÉ SANTORO;Fora do exercício;;RR;;;;;;;;
